id,A,B,C,classLabel
0,74.06695400000002,40.285587,55.044538,0
1,81.36716,44.316164,50.37477,0
2,75.774699,66.08689100000001,56.839738,0
3,83.86516800000003,52.457133,58.372559,0
4,27.003872,42.442829,53.281675,0
5,8.753480999999999,62.23490200000001,52.147809,0
6,30.727797,64.89917700000001,55.78162800000001,0
7,53.948388,53.30085500000001,57.117944,0
8,15.940814,72.18883199999998,43.251929,0
9,22.963465,49.384791,43.253708,0
10,34.339847,40.830247,43.494947,0
11,9.632091,67.670865,45.784564,0
12,57.06896500000001,59.679655,59.138276,0
13,43.069662,54.357251,48.800879,0
14,38.213701,63.26503,50.138449,0
15,2.9903880000000003,66.15254399999999,44.770208,0
16,61.003519,43.301694,57.520312,0
17,40.692541,61.097671,47.61170300000001,0
18,28.352744,66.35607399999999,47.302146,0
19,33.301549,40.944001,52.167688,0
20,38.260969,52.2717,52.685729,0
21,44.659391,55.44904200000001,50.080097,0
22,64.715482,41.287364,43.413255,0
23,64.427061,55.49477099999999,50.805851,0
24,2.475602,68.10034,45.961131,0
25,48.502809,69.086781,42.583874,0
26,62.508221,56.222995,44.357928,0
27,52.568571,69.646261,55.17607,0
28,83.523624,46.011951,51.902249,0
29,12.632155,56.997147,52.4781,0
30,70.763865,69.618308,58.810798,0
31,31.985708,51.363079,49.993918,0
32,77.664843,72.710801,50.74427,0
33,83.57597,60.97634100000001,58.714963,0
34,33.584257,61.79296899999999,56.327595,0
35,54.69357700000001,44.80557,54.441546,0
36,55.65741,65.42518199999999,46.017996,0
37,67.203554,49.778958,44.41628,0
38,43.280396,44.343889,47.567713,0
39,99.82875,48.510863,56.301928,0
40,59.812082,71.853768,54.686006000000006,0
41,57.570239,49.417865,43.7926,0
42,2.7353110000000003,42.050158,43.748313,0
43,52.376265,69.61939699999999,54.504794,0
44,49.562761,47.71080900000001,48.911959,0
45,32.508502,65.752602,51.450297,0
46,4.203874,51.125294,47.703388,0
47,25.652398,40.306717,52.76925,0
48,37.546613,54.583638,55.072957,0
49,68.239263,54.527148,42.730027,0
50,51.031899,41.270343,59.014521,0
51,24.185488,60.261062,47.132538,0
52,32.359421999999995,61.16336,48.270549,0
53,40.269183,45.453699,46.655181,0
54,12.341832,61.802987,50.66999000000001,0
55,51.052972,72.52658000000002,47.089479,0
56,4.90541,40.926273,52.839562,0
57,36.407369,49.38824,53.091539,0
58,98.12742,61.77375600000001,43.83485200000001,0
59,73.589187,51.296829,51.31379,0
60,75.424825,68.130742,52.055492,0
61,74.398198,43.121778000000006,45.684127,0
62,2.495014,53.79619399999999,56.535652,0
63,37.380117,67.079806,42.639041,0
64,62.629476,71.151012,53.815632,0
65,11.827349,55.004835,53.677722,0
66,39.667312,56.622985,54.244564,0
67,1.806777,68.632699,59.111859,0
68,65.44929599999999,68.01499,53.50926,0
69,73.875266,59.30284399999999,42.582185,0
70,26.913436,51.196221,56.974602,0
71,84.37589,42.750944,58.65722099999999,0
72,3.832866000000001,43.573975,49.000347,0
73,88.019675,55.90456999999999,46.094334,0
74,89.31258100000002,43.57714,45.257347,0
75,57.274348,47.478632,52.97905,0
76,24.413475,60.56370500000001,44.758779,0
77,94.933839,61.159707,42.641961,0
78,94.487837,49.762452,56.975551,0
79,60.62208100000001,41.144675,50.117211,0
80,61.575835,50.022621,55.90334,0
81,48.380998,44.86869,57.397497,0
82,45.223057,46.133039,42.545592,0
83,84.461435,42.18108400000001,50.72455,0
84,6.365315,71.642662,52.638588,0
85,23.276529,57.548733,56.53540200000001,0
86,86.248049,65.602016,50.317843,0
87,0.185286,63.93084,44.403178,0
88,1.495607,62.11254,49.460651,0
89,88.306433,49.12293,50.138487,0
90,34.206952,69.434976,55.32818100000001,0
91,14.621987,52.407395,57.898597,0
92,3.949738,67.32514300000001,44.347234,0
93,4.685217,62.19943000000001,45.551782,0
94,54.208541,64.299159,44.964657,0
95,15.149188,71.977397,53.97919399999999,0
96,99.334504,67.441036,50.322154,0
97,46.431803,67.502156,45.815805,0
98,58.247861,67.995512,57.149713,0
99,0.231974,64.13815100000001,45.117842,0
100,46.259407,42.434971,43.408748,0
101,23.243597,47.258332,49.810408,0
102,15.560434,48.561234000000006,47.029077,0
103,27.042783,50.106748,58.40714300000001,0
104,45.71032,67.98854200000001,54.087979,0
105,60.875625,39.998769,53.67096899999999,0
106,29.813047,72.766283,50.948536,0
107,76.93606,55.09571999999999,48.257165,0
108,97.178503,41.322925,45.816522,0
109,85.028215,41.39944600000001,58.179866,0
110,1.107274,56.65905600000001,42.749108,0
111,6.991517999999999,64.326431,46.53396400000001,0
112,51.061943,69.459357,50.980967,0
113,78.541607,45.39293,56.21341500000001,0
114,73.89194499999998,60.471412,53.76923000000001,0
115,43.478271,47.56543900000001,53.86470500000001,0
116,10.577114,57.39988100000001,53.848615,0
117,61.436525,49.791769,44.852173,0
118,96.241788,48.861041,45.620597,0
119,16.48851,43.922292,46.42791,0
120,10.483125,44.287549,54.990305000000006,0
121,12.432585,46.593844,50.684999,0
122,36.958877,63.437668,48.988297,0
123,88.011739,56.35917900000001,51.825138,0
124,70.276387,47.746904,45.560675,0
125,37.961363,62.089099,49.501605,0
126,6.215854,65.578176,58.440494,0
127,74.374364,52.857227,46.748532,0
128,88.868698,51.617504,51.3479,0
129,7.946716,57.056575,53.437348,0
130,31.840393,60.514648,55.712423,0
131,6.809136,64.61579,59.159579,0
132,56.09654000000001,43.820389,54.402596,0
133,95.263041,39.865816,46.048256,0
134,51.35142000000001,63.04791700000001,50.081409,0
135,70.071999,42.583206,44.63907,0
136,12.300401,44.633632,57.734248,0
137,7.849675,69.167534,47.600182,0
138,33.655878,65.49564699999999,53.600411,0
139,86.89751600000002,68.11703399999999,45.600495,0
140,52.602802,45.633197,56.122339,0
141,31.879011,47.879329,51.964088,0
142,31.717661,66.38391800000001,54.001748,0
143,3.180695,64.82133499999999,54.029656,0
144,24.809719,48.773608,49.074597,0
145,70.496679,71.888287,50.48350900000001,0
146,83.719844,42.958784,52.934466,0
147,75.05633,45.54816,51.089457,0
148,5.942661,56.650238,47.378359,0
149,72.62062399999998,52.328116,44.999475,0
150,91.57873,69.680224,47.958421,0
151,73.300105,47.209126,52.058873,0
152,30.217332,57.671843,48.79920300000001,0
153,99.28929,58.72106,44.745412,0
154,68.52771800000001,66.90505300000001,49.30034600000001,0
155,8.209000999999999,57.17278,48.838049,0
156,56.29450300000001,51.802438,50.43783300000001,0
157,19.000078,43.57425900000001,53.353563,0
158,70.70009,45.534567,45.147142,0
159,0.263236,69.489962,51.508511,0
160,15.636234,66.712035,49.924055,0
161,48.659476,57.904529,53.68390400000001,0
162,6.142098000000002,67.872333,45.996673,0
163,44.180641,67.637891,55.606998,0
164,58.03814499999999,57.25611600000001,52.612173,0
165,99.06603,59.964023,44.671313,0
166,37.336295,45.546873,50.765528,0
167,85.149341,51.814436,52.678102,0
168,50.354844,42.149263,55.586924,0
169,66.608682,42.236097,53.905775,0
170,20.808369,47.394027,50.812857,0
171,65.556709,63.445349,43.243879,0
172,32.732712,65.47144499999999,57.50496999999999,0
173,54.054039,47.05829,54.88258100000001,0
174,32.701384999999995,66.203357,46.984073,0
175,93.484468,65.895267,57.226084,0
176,6.899967,45.224365,43.376825,0
177,56.667726,40.325573,49.477137,0
178,17.844075,56.936146,50.665514,0
179,96.371676,45.921338,51.898021,0
180,64.87115,52.785403,55.751838,0
181,14.92123,41.423581,50.998758,0
182,19.822019,52.221134,47.27536,0
183,9.790849,70.051962,50.958553,0
184,84.117012,47.85214000000001,47.607119,0
185,11.328224,45.702859,44.099112,0
186,99.633487,47.978953,46.850286,0
187,5.327304,66.671959,47.111846,0
188,47.409754,72.558192,55.81506,0
189,96.580925,71.361315,58.920442,0
190,53.10405400000001,59.773347,48.749875,0
191,32.615376,64.695419,49.569453,0
192,83.774364,71.234117,55.87645300000001,0
193,12.723119,41.476787,54.480918,0
194,63.64228000000001,69.224501,58.567552,0
195,94.569992,39.974306,44.797567,0
196,4.572284,39.853404,48.94865,0
197,30.985452,41.610724,45.835365,0
198,58.958837,57.249799,45.71352,0
199,38.847282,56.121947,44.983411,0
200,37.25947100000001,40.652362,55.128519,0
201,75.003771,51.41121,51.010737,0
202,17.636893,46.058853000000006,50.215985,0
203,97.891548,50.255833,51.062603,0
204,69.821775,71.249538,49.24654500000001,0
205,66.128959,69.458339,49.329587,0
206,80.297568,70.9666,49.351187,0
207,19.227568,48.200743,50.265873,0
208,39.586685,67.649518,59.128489,0
209,59.21899499999999,47.477046,50.653585,0
210,74.496173,59.767843000000006,51.081223,0
211,50.289369,51.522327,56.976611,0
212,1.519815,57.34021600000001,43.387546,0
213,48.009527,56.6447,48.69576,0
214,99.549356,46.689796,47.908845,0
215,40.256314,68.503783,46.211625,0
216,81.458625,62.004534,45.280918,0
217,22.789777,68.347139,49.544716,0
218,69.577074,48.418574,46.928236,0
219,69.23026800000001,67.953168,50.824245,0
220,18.330286,59.54021,44.202221,0
221,69.98118199999999,43.142144,50.15408,0
222,56.79833100000001,43.643486,59.062647,0
223,62.556098,59.480408,50.853411,0
224,99.977601,59.331754,54.34933100000001,0
225,32.705121000000005,72.611121,52.166997,0
226,55.308648,66.49486999999999,46.681681,0
227,72.36046800000003,41.025502,44.419739,0
228,14.846032,63.97691999999999,48.794241,0
229,41.724176,53.826896,46.332079,0
230,91.842184,59.87351500000001,56.358704,0
231,2.459525,49.971195,58.051673,0
232,48.579971,68.707284,43.235095,0
233,47.840415,56.355649,53.23132800000001,0
234,98.132403,56.34826,46.38768,0
235,69.277711,67.136711,46.292735,0
236,27.405298,52.394357,43.089451,0
237,52.812732,43.276893,43.706722,0
238,64.727579,48.17416,55.988127,0
239,2.736525,61.93773100000001,46.346856,0
240,26.058565,59.246709,56.54286999999999,0
241,9.18987,60.058033,44.942095,0
242,2.419811,43.096087,42.863182,0
243,7.268203,58.877225,51.271382,0
244,71.744571,58.26116,42.911493,0
245,95.398272,48.126786,56.798734,0
246,18.485621,57.166983,46.429433,0
247,22.465242,41.601299,48.190883,0
248,30.126913,62.953012,52.441171,0
249,11.047707,63.855711,46.921905,0
250,34.457893,72.45166,56.79937,0
251,18.687757,42.496086,50.324824,0
252,33.718481,43.29431,51.994386,0
253,36.348396,45.691875,44.919741,0
254,89.133599,69.35828599999999,54.29634100000001,0
255,92.051691,67.840312,58.522553,0
256,77.807794,40.95113,50.578747,0
257,1.710554,48.361749,51.488643,0
258,36.120441,58.299726,46.485353,0
259,95.883485,61.944037,58.705158,0
260,22.723863,40.323636,58.529173,0
261,8.483759,46.488174,43.129474,0
262,55.622699,57.610903,44.899775,0
263,12.720652,69.601163,47.888542,0
264,27.618035,66.01665899999999,46.140474,0
265,98.44725,63.394747,43.620958,0
266,94.486009,56.074195,44.200432,0
267,43.13961,56.63845600000001,48.546055,0
268,97.220785,68.55352099999999,57.94225400000001,0
269,21.457113,67.195604,52.426193,0
270,18.585119,41.704493,52.68676899999999,0
271,14.663367,44.503034,56.080222,0
272,18.881728,62.851317,48.362021,0
273,33.660013,67.047483,46.737386,0
274,66.266426,43.17081500000001,43.291071,0
275,88.445536,42.65860900000001,55.27660899999999,0
276,95.595616,40.839706,46.777437,0
277,6.202287,55.070187,55.329363,0
278,42.73079,54.153407,53.172306000000006,0
279,35.308039,61.231473,50.325142,0
280,94.98174,67.362154,51.287483,0
281,56.209786,72.19916500000002,53.67206899999999,0
282,37.679936,45.440647,48.617097,0
283,73.110669,56.54409,45.694657,0
284,98.850382,45.416382,47.402196,0
285,4.032672,41.604906,48.849428,0
286,80.709232,40.15203,49.372276,0
287,6.687855,42.197981,57.127192,0
288,83.67909499999998,56.293604,47.651857,0
289,47.803392,67.94068100000001,58.537999,0
290,94.944231,66.28530500000001,55.775477,0
291,47.825475,51.84021,55.471172,0
292,14.930884,64.269706,58.332262,0
293,51.883157,55.399711,50.071896,0
294,71.40294499999997,55.020486,52.920654000000006,0
295,1.108283,56.350745,53.832384,0
296,39.446422,49.987292,54.005748,0
297,80.90337199999998,52.193417,55.218884,0
298,68.618742,46.809634,46.831218,0
299,99.813318,62.578558,44.36271,0
300,95.944212,60.91080899999999,57.817258,0
301,75.59654499999998,43.699978,47.166334,0
302,53.433682,48.625234000000006,42.8322,0
303,48.337351,65.739953,50.754583,0
304,93.967566,56.30663000000001,58.484241,0
305,56.590752,56.67222,50.125615,0
306,24.652446,69.684427,55.29735400000001,0
307,93.748263,63.385015,44.825934,0
308,70.080489,53.03326600000001,48.382757,0
309,96.379916,52.971685,43.189165,0
310,7.95458,51.633801,53.912342,0
311,99.786223,43.583823,55.888808,0
312,28.08463,61.210014,43.604002,0
313,30.529737,44.16803400000001,56.781397,0
314,80.232213,42.178113,48.400351,0
315,76.04244,60.845728,56.969436,0
316,21.99309,68.97784,55.387116000000006,0
317,98.793397,66.915577,50.603374,0
318,13.131214000000002,57.046016,57.32310699999999,0
319,48.685638,55.851857,47.24721,0
320,53.260058,58.475838,53.255721,0
321,21.798707,58.40531899999999,55.17315600000001,0
322,2.127059,67.669607,49.284057,0
323,9.175999,44.753423,51.498394,0
324,94.828684,71.219656,52.701432,0
325,30.488058,63.316766,46.6272,0
326,17.262404,70.571636,44.685786,0
327,94.598145,70.173613,58.460644,0
328,43.398651,41.518171,50.455361,0
329,32.282664000000004,57.578122,58.60753,0
330,61.063502,42.159999,51.328896,0
331,25.685377,49.350747,44.014425,0
332,1.744835,50.052401,58.172488,0
333,42.675557,53.079292,43.919991,0
334,96.814893,51.373428,43.117889,0
335,58.130411,61.430536,55.063797,0
336,83.212861,67.124892,53.932365,0
337,96.714691,65.34298000000001,52.59865500000001,0
338,92.384163,46.67187,53.46630500000001,0
339,40.301766,57.320965,45.731444,0
340,36.847417,44.476967,46.925277,0
341,89.975695,52.949813,51.773518,0
342,99.472824,53.52538199999999,56.978347,0
343,93.423433,67.602785,46.957137,0
344,2.357259,66.552113,52.833324,0
345,6.506515,52.740574,47.056297,0
346,81.913641,47.202994,44.173197,0
347,50.571728,46.119268,57.148846,0
348,11.274172,43.607028,43.871321,0
349,77.152188,56.901389,52.77010500000001,0
350,96.891413,69.05626099999999,55.141443,0
351,23.751906,65.749539,45.05443,0
352,79.532375,65.57564,52.024262,0
353,66.359877,63.406225,49.384032,0
354,93.410413,64.183815,46.20984,0
355,55.51266800000001,66.330122,52.780824,0
356,83.154698,60.363967,56.537556,0
357,93.598909,44.059043,42.979194,0
358,81.443444,47.778059000000006,44.908422,0
359,90.086955,40.241241,53.593972,0
360,51.812105,72.202851,51.692413,0
361,27.682397,47.050861,48.110345,0
362,43.383207,40.299198,44.4399,0
363,0.65937,62.189357,56.431271,0
364,42.186444,60.015648,52.053487,0
365,64.779321,45.340593,48.766477,0
366,26.568412,72.77086700000002,42.447409,0
367,10.766579,70.659337,44.606355,0
368,14.088511,64.538078,48.655341,0
369,28.918373,61.268058,48.874043,0
370,95.557929,45.372297,48.571611,0
371,50.854598,54.503901,52.25102800000001,0
372,84.784074,68.814737,52.499184,0
373,96.81918,69.03224399999999,47.107797,0
374,80.383351,49.961262,57.37604399999999,0
375,37.833844,71.330043,43.42195200000001,0
376,75.677176,47.107135,43.408191,0
377,75.826988,50.658711,59.085664,0
378,88.855007,55.306094,54.88792,0
379,26.035406,64.845409,49.02832,0
380,64.520372,63.380102,51.854675,0
381,1.201318,47.168488,42.557465,0
382,59.830151,42.149204,57.29749399999999,0
383,19.939245,41.099946,55.383729,0
384,47.888477,67.616035,43.777905,0
385,37.088261,47.109259,43.031904,0
386,43.051264,72.07292,46.73992,0
387,48.932183,64.098959,52.252881,0
388,48.329928,60.42255600000001,43.363353,0
389,22.687943,69.01086600000001,56.08613199999999,0
390,62.093183,57.307186,51.299893,0
391,18.357753,57.70346600000001,55.039089,0
392,19.164049,44.452621,56.227436,0
393,7.895278999999999,51.029988,56.88254000000001,0
394,85.210813,66.82698,54.24904300000001,0
395,93.297093,46.074258,57.958139,0
396,96.933442,60.27559599999999,57.589675,0
397,22.688272,43.429835,53.16876600000001,0
398,81.32816,59.372448,46.879473,0
399,86.94161899999997,66.85652900000001,44.954843,0
400,-86.902997,-62.439575,-71.172893,1
401,-77.689317,-79.010322,-71.46300000000002,1
402,-76.979913,-52.368802,-71.660053,1
403,-81.494926,-64.940252,-70.94203900000002,1
404,-79.242199,-83.062703,-74.453406,1
405,-77.845129,-85.65481,-70.748187,1
406,-79.57559,-45.747617,-74.573183,1
407,-76.516859,-51.75036,-71.48314599999998,1
408,-80.984216,-37.988451,-70.476649,1
409,-79.768989,-50.985148,-68.447715,1
410,-80.82751800000003,-23.705211,-64.648103,1
411,-80.389997,-83.419025,-67.157947,1
412,-79.87255400000002,-80.31746899999997,-72.327479,1
413,-79.351413,-8.718864,-70.35179699999999,1
414,-82.243325,-4.027901,-73.599389,1
415,-78.621251,-90.113066,-72.071476,1
416,-78.613621,-45.480861,-65.039541,1
417,-68.19749499999999,-63.122165,-71.728887,1
418,-79.53215,-76.318413,-71.95738399999998,1
419,-80.768537,-13.618538,-71.61283,1
420,-79.71525,-43.400558,-69.734581,1
421,-81.714157,-17.941272,-72.11731999999998,1
422,-79.214175,-86.485881,-69.943766,1
423,-83.493695,-60.821875,-71.542668,1
424,-79.60449100000002,-43.9461,-73.955763,1
425,-77.452737,-57.925241,-69.46091700000001,1
426,-82.971482,-93.903543,-72.81320600000002,1
427,-78.112251,-2.725384,-72.735377,1
428,-78.96130699999998,-87.531949,-72.018964,1
429,-78.554601,-92.342364,-69.90105,1
430,-73.98323,-65.872385,-76.265497,1
431,-79.299322,-35.672964,-71.83868000000002,1
432,-83.210387,-59.175879,-71.193267,1
433,-79.559434,-24.870184,-71.835332,1
434,-79.718087,-59.837287,-71.989073,1
435,-80.36575,-88.29490899999998,-69.55629300000001,1
436,-79.54239799999998,-52.29411,-72.34165899999998,1
437,-80.297962,-87.027225,-72.077974,1
438,-80.195615,-59.033399,-70.998305,1
439,-79.352251,-38.165093,-79.606463,1
440,-75.95065600000002,-47.518691,-71.107174,1
441,-82.40501,-44.749272,-73.425286,1
442,-79.142794,-82.482372,-72.219115,1
443,-81.370937,-98.672631,-71.188317,1
444,-73.861623,-93.303505,-68.97075600000001,1
445,-79.605603,-17.525797,-70.944647,1
446,-84.61606,-8.303611,-71.617568,1
447,-75.138972,-28.796262,-75.830597,1
448,-81.45349399999998,-59.715967000000006,-71.956373,1
449,-79.615487,-69.838934,-71.82100200000002,1
450,-80.30453299999998,-89.962788,-75.122582,1
451,-83.29926,-91.646677,-72.827896,1
452,-79.57576,-45.123195,-73.886639,1
453,-76.793311,-1.671112,-70.656712,1
454,-79.663776,-17.732965,-71.599723,1
455,-79.534723,-45.462466,-70.603585,1
456,-86.91201,-51.539343,-69.85491800000001,1
457,-79.932326,-27.348704,-71.76649,1
458,-79.15899399999998,-85.630777,-71.878729,1
459,-79.661693,-38.82273,-72.564138,1
460,-79.631187,-89.288352,-71.88780899999998,1
461,-80.73225500000002,-58.438554,-72.90456,1
462,-79.815073,-12.355187,-71.546487,1
463,-78.523364,-25.590505,-73.724907,1
464,-80.35659,-99.238834,-77.923253,1
465,-79.59759100000002,-34.551965,-77.219238,1
466,-80.456521,-50.394859,-71.801849,1
467,-79.673941,-34.311415999999994,-67.901093,1
468,-85.64885699999998,-95.333283,-69.339803,1
469,-79.842157,-59.317742,-67.920161,1
470,-79.363351,-70.995961,-69.212691,1
471,-80.243398,-98.958382,-71.639411,1
472,-79.60276999999998,-94.374833,-71.789713,1
473,-79.633513,-72.679918,-71.84374100000002,1
474,-79.64967800000002,-41.79808,-72.026691,1
475,-79.141039,-21.011351,-69.674305,1
476,-79.461398,-94.824651,-71.95061700000002,1
477,-80.598476,-42.884575,-72.087753,1
478,-79.914806,-77.547242,-70.62485600000002,1
479,-77.86664,-1.306824,-72.172386,1
480,-79.45883,-56.154754,-73.123058,1
481,-81.71010600000002,-7.576032,-71.978215,1
482,-80.187506,-98.532612,-71.249941,1
483,-81.078688,-61.31451,-79.473801,1
484,-81.561042,-78.162311,-73.49812,1
485,-79.508657,-2.562617,-72.551698,1
486,-79.649046,-57.912774,-62.604563,1
487,-79.647386,-45.226172,-71.870172,1
488,-79.956645,-15.741844,-72.082622,1
489,-80.281276,-55.54696800000001,-71.781997,1
490,-79.275982,-91.134835,-71.983813,1
491,-81.006289,-99.338955,-72.466245,1
492,-80.174414,-11.331198,-74.19035,1
493,-81.894886,-97.076873,-73.099336,1
494,-80.58008199999998,-52.373491,-71.281052,1
495,-81.90893299999998,-29.363952,-71.959216,1
496,-79.96669399999998,-16.910608,-70.358101,1
497,-79.390691,-71.314748,-78.027353,1
498,-78.371241,-32.162626,-67.969153,1
499,-82.270066,-98.502536,-72.05154,1
500,-85.229766,-13.419339,-71.771268,1
501,-76.413213,-67.252173,-73.8468,1
502,-79.668058,-37.063216,-72.399455,1
503,-85.93170500000002,-10.28811,-71.815191,1
504,-84.371193,-21.179903,-71.127738,1
505,-81.348701,-92.091025,-67.345828,1
506,-85.430307,-77.49695600000003,-71.876645,1
507,-83.562788,-70.384693,-73.244742,1
508,-79.170509,-48.892058,-72.67984799999998,1
509,-79.969155,-75.858101,-72.078379,1
510,-77.524047,-13.581338,-74.880009,1
511,-81.44573100000002,-17.300495,-69.45224499999999,1
512,-73.091263,-81.846331,-69.278278,1
513,-78.696969,-39.66577,-71.595753,1
514,-78.053972,-2.36065,-69.913423,1
515,-79.732431,-97.24819,-71.802229,1
516,-79.108232,-38.129229,-69.791374,1
517,-79.634656,-45.46344600000001,-71.752747,1
518,-79.853787,-70.836174,-72.105614,1
519,-85.490162,-27.858332,-71.07645500000002,1
520,-76.08875,-62.165534,-71.633948,1
521,-79.337074,-4.7601510000000005,-70.364115,1
522,-79.328034,-18.291043,-66.820048,1
523,-77.334661,-27.644371000000003,-70.710258,1
524,-79.455109,-78.985647,-75.303857,1
525,-79.709508,-7.213417,-77.542926,1
526,-79.69268000000002,-9.518046,-74.706935,1
527,-79.480234,-46.991168,-71.82414200000002,1
528,-78.073211,-75.596787,-66.223598,1
529,-84.614616,-56.127576,-66.129707,1
530,-79.063532,-64.266145,-74.350881,1
531,-81.055828,-81.418851,-74.73750600000002,1
532,-78.86125600000003,-57.599647,-70.95219,1
533,-79.04786899999998,-48.22412,-70.03269399999999,1
534,-81.085091,-63.097949,-70.794455,1
535,-77.497128,-5.190604,-72.415203,1
536,-79.322126,-56.52093299999999,-65.519025,1
537,-79.318179,-16.161020999999998,-74.005353,1
538,-80.476619,-32.973109,-72.71919,1
539,-78.834437,-60.097478,-71.64680600000001,1
540,-83.43896099999998,-14.973198000000002,-74.023323,1
541,-87.274175,-65.658982,-71.243589,1
542,-82.02228199999998,-73.525595,-72.421722,1
543,-79.194089,-44.103273,-72.360413,1
544,-78.751187,-95.023675,-72.52959200000002,1
545,-77.353341,-44.689586,-69.707882,1
546,-86.41956400000002,-47.337608,-68.46705899999999,1
547,-79.79300400000002,-49.130039,-73.761932,1
548,-79.640302,-90.97204,-71.707856,1
549,-80.08983,-29.073358,-71.912692,1
550,-75.85554599999998,-25.421453,-72.439412,1
551,-79.12143,-38.519485,-70.947781,1
552,-79.36824,-9.439276,-72.982781,1
553,-73.346198,-42.026415,-75.871421,1
554,-82.779961,-31.146808,-76.614655,1
555,-79.999138,-1.703097,-77.787143,1
556,-81.548372,-24.616397,-70.65445799999998,1
557,-79.77965400000002,-61.150018,-70.985547,1
558,-78.74043499999998,-99.249458,-69.644878,1
559,-82.26037600000002,-29.498653000000004,-72.62095500000002,1
560,-79.579238,-10.12417,-71.750206,1
561,-82.359713,-28.507875,-75.43016,1
562,-76.015365,-12.018333,-73.903152,1
563,-80.987723,-3.346563,-71.55272099999998,1
564,-80.93960799999998,-92.411409,-71.965063,1
565,-80.628527,-28.06275,-75.130668,1
566,-79.24409399999998,-14.916532,-71.81671899999998,1
567,-79.45026999999997,-52.159647,-71.369407,1
568,-79.665536,-3.360103,-63.973949,1
569,-79.300344,-13.511004000000002,-71.83909200000002,1
570,-79.556155,-78.09887900000003,-71.46761,1
571,-79.44484399999997,-31.313405,-71.32928299999998,1
572,-78.385693,-88.720297,-73.851936,1
573,-90.499389,-42.559075,-70.985141,1
574,-80.518047,-92.538715,-72.514954,1
575,-79.70107,-4.633869,-71.725078,1
576,-79.122702,-20.78199,-72.378656,1
577,-79.291542,-69.48839,-70.355019,1
578,-82.436908,-84.572056,-70.162878,1
579,-83.128695,-42.90371500000001,-69.529967,1
580,-80.65273499999998,-2.961466,-68.364808,1
581,-81.264948,-39.5894,-71.212336,1
582,-72.85160400000002,-11.671799,-72.804185,1
583,-77.08833100000003,-26.064484,-68.241483,1
584,-79.97035600000002,-42.092789,-75.3312,1
585,-80.720771,-33.86204,-71.897615,1
586,-82.034841,-63.423238,-68.975388,1
587,-73.557438,-43.921336,-72.21514599999998,1
588,-78.232519,-32.988733,-72.82347,1
589,-78.829422,-64.52964300000001,-78.296327,1
590,-75.367529,-79.22093100000002,-73.679348,1
591,-82.143427,-96.295603,-70.209645,1
592,-79.49130600000002,-18.020034,-72.736889,1
593,-78.41474000000002,-75.356791,-71.87128100000002,1
594,-79.330524,-14.705353,-74.030789,1
595,-76.28370799999998,-88.39711700000002,-73.03762900000002,1
596,-77.973646,-98.685624,-67.84123100000001,1
597,-79.59,-62.73404100000001,-71.183589,1
598,-79.474808,-5.9716190000000005,-71.81703399999998,1
599,-79.99424,-0.639931,-72.948208,1
600,-80.056303,-85.951897,-66.87088100000001,1
601,-77.761834,-25.798116,-70.797361,1
602,-76.953091,-28.128315,-76.516705,1
603,-79.355143,-12.762434,-71.227113,1
604,-79.835112,-43.263326,-67.133315,1
605,-79.829338,-24.437406,-71.957716,1
606,-79.583409,-24.038351,-71.811027,1
607,-74.269239,-40.771738,-72.08369499999998,1
608,-79.992536,-65.670864,-70.52163,1
609,-77.925353,-31.02911,-69.396666,1
610,-79.62934200000002,-37.987231,-71.864263,1
611,-82.07952399999998,-62.30259399999999,-74.449885,1
612,-79.479563,-90.134797,-75.51405799999998,1
613,-79.63256700000002,-1.605545,-71.30100300000002,1
614,-78.393627,-37.549417,-72.543463,1
615,-79.54827399999998,-76.72785,-71.567604,1
616,-79.873674,-27.634075,-71.64591,1
617,-80.299022,-72.434834,-68.876147,1
618,-79.807914,-32.772374,-72.095905,1
619,-82.898,-92.327535,-74.060581,1
620,-79.20836,-91.497154,-75.628957,1
621,-82.99676600000002,-48.375347,-69.998326,1
622,-83.80026099999998,-31.515771,-73.168257,1
623,-79.870743,-83.092596,-62.161432,1
624,-81.17595,-73.41548399999998,-79.17141099999998,1
625,-79.535229,-59.069282,-71.444665,1
626,-78.983549,-43.379305,-68.258239,1
627,-73.278101,-21.485871,-73.656035,1
628,-79.747803,-62.92834499999999,-69.114508,1
629,-80.082562,-29.398033,-70.15033100000001,1
630,-79.94705400000002,-41.878829,-73.280709,1
631,-76.880183,-28.205093,-76.53304200000002,1
632,-81.39060699999997,-83.91125,-71.467772,1
633,-84.59652700000002,-22.839324,-73.915401,1
634,-80.834174,-99.740785,-71.694087,1
635,-79.57869000000002,-92.182786,-79.388141,1
636,-79.623139,-77.381439,-71.901935,1
637,-81.747884,-37.846726,-69.36318100000001,1
638,-81.069461,-37.69508,-70.52929499999998,1
639,-79.96230899999998,-0.974291,-73.93379499999998,1
640,-78.346334,-95.861438,-78.363023,1
641,-80.527679,-4.520657,-71.635632,1
642,-78.508812,-8.970976,-72.219994,1
643,-79.57137900000002,-56.304312,-71.850146,1
644,-76.53455600000002,-34.058863,-72.26430400000002,1
645,-78.962512,-55.310272,-71.318079,1
646,-74.12073000000002,-35.704181,-73.46987800000002,1
647,-80.0332,-65.26831899999999,-76.803156,1
648,-72.97276600000002,-67.966229,-71.65345400000002,1
649,-83.157596,-77.987037,-70.7886,1
650,-77.434093,-91.684364,-68.39175999999999,1
651,-80.624123,-29.460343,-72.276872,1
652,-82.536017,-1.528158,-69.837285,1
653,-79.77924,-79.058686,-72.486301,1
654,-78.67723199999998,-13.677129999999998,-74.491945,1
655,-79.823148,-46.140116,-72.09671,1
656,-81.052702,-59.480675,-71.722336,1
657,-78.465979,-17.285935000000002,-70.170507,1
658,-79.367692,-2.599167,-70.856317,1
659,-83.240895,-48.23164000000001,-71.614226,1
660,-79.487742,-80.666352,-77.709142,1
661,-79.883987,-79.60257299999998,-71.138576,1
662,-79.627297,-34.757566,-71.813953,1
663,-72.347892,-53.70000400000001,-74.606043,1
664,-83.09018,-47.14698900000001,-70.584978,1
665,-79.322852,-28.568816,-71.794223,1
666,-78.105673,-54.17205600000001,-71.83644,1
667,-82.52525899999998,-34.072275,-76.00715799999998,1
668,-78.429891,-0.447883,-72.180419,1
669,-85.20716999999998,-87.28337900000002,-74.27334300000003,1
670,-81.29815500000002,-95.264073,-72.66431800000002,1
671,-81.46893299999998,-77.805175,-72.160915,1
672,-78.340748,-68.697181,-71.82624,1
673,-79.179835,-50.41088900000001,-72.62218299999998,1
674,-79.099478,-2.982632,-69.49123,1
675,-78.728925,-46.905249,-77.228861,1
676,-79.645453,-76.460594,-71.767296,1
677,-79.909678,-10.838653,-63.843491,1
678,-79.667388,-31.338016,-71.821263,1
679,-76.879922,-4.312976,-70.846752,1
680,-73.47022,-2.672971,-73.638257,1
681,-79.654239,-77.316236,-75.691586,1
682,-79.222468,-85.103371,-71.79342700000002,1
683,-79.684907,-15.047742,-73.570024,1
684,-86.705403,-27.703767,-71.426221,1
685,-79.886451,-96.459673,-75.932997,1
686,-78.617653,-69.932379,-71.38229100000002,1
687,-79.609848,-23.66248,-72.17922,1
688,-79.174555,-61.63671,-72.783958,1
689,-76.336699,-41.415697,-72.679589,1
690,-79.364308,-51.604242,-71.793745,1
691,-79.878182,-74.231849,-69.879396,1
692,-85.697434,-81.101986,-71.863854,1
693,-78.94228000000003,-82.025029,-71.83753,1
694,-79.510412,-64.174931,-71.220623,1
695,-76.871216,-72.078232,-70.710133,1
696,-77.68543299999997,-94.016105,-76.51267299999998,1
697,-80.33935799999998,-63.944307,-71.34686500000002,1
698,-80.999012,-46.470082,-75.105974,1
699,-79.26720300000002,-15.285128,-69.15317399999999,1
700,-79.710927,-75.050016,-71.93734599999998,1
701,-87.582673,-60.042852,-72.320062,1
702,-79.730275,-21.043441,-71.576931,1
703,-79.78009499999997,-62.159565,-69.31503199999999,1
704,-83.418878,-51.693511,-66.90680400000001,1
705,-77.26979,-49.257533,-71.65682199999998,1
706,-79.62062399999998,-51.540369,-72.230814,1
707,-79.630461,-25.454396,-71.82540300000002,1
708,-79.84002199999998,-95.737426,-72.136462,1
709,-82.75483299999998,-53.173173,-76.00605999999998,1
710,-80.13717,-54.70610799999999,-71.75554100000002,1
711,-80.20342099999998,-41.558631,-73.259029,1
712,-80.119013,-65.382601,-71.852847,1
713,-79.287829,-61.347226,-72.306394,1
714,-79.363458,-14.522479999999998,-69.24130600000001,1
715,-81.899668,-25.575553,-80.961877,1
716,-82.173787,-47.291856,-71.39459599999998,1
717,-82.52257900000002,-8.788276,-66.767932,1
718,-79.096408,-69.056242,-71.346104,1
719,-79.737338,-74.423568,-71.810909,1
720,-79.397578,-4.388959,-71.15935400000002,1
721,-74.43210400000002,-6.083743,-70.599101,1
722,-78.57080699999999,-87.133679,-71.668959,1
723,-81.677339,-86.899251,-71.875225,1
724,-72.08021600000002,-32.361207,-72.57100799999998,1
725,-82.048957,-22.162996,-75.19258,1
726,-78.579996,-10.99482,-71.586045,1
727,-81.368306,-71.107551,-68.437524,1
728,-82.050111,-35.929862,-75.482905,1
729,-81.553398,-24.342896,-71.754322,1
730,-80.315399,-66.002453,-69.061939,1
731,-79.659426,-90.757343,-71.83434799999998,1
732,-78.762045,-18.309624,-71.72324499999998,1
733,-79.605861,-19.805668,-71.817851,1
734,-79.909008,-38.309724,-69.72895600000001,1
735,-79.84371,-61.209281,-70.673668,1
736,-80.788287,-83.208765,-73.17927900000002,1
737,-75.290878,-73.37061,-69.19631899999999,1
738,-85.459029,-27.490923,-74.923675,1
739,-79.839229,-87.707003,-67.227358,1
740,-77.142322,-73.629657,-75.024574,1
741,-79.68664799999998,-60.874678,-71.776149,1
742,-80.368308,-42.528734,-71.912462,1
743,-78.550517,-75.070932,-72.894235,1
744,-79.91328100000001,-92.052441,-72.121515,1
745,-79.5715,-15.452387,-73.18927,1
746,-85.45848000000002,-37.129441,-71.98690500000002,1
747,-79.638323,-69.427932,-72.096241,1
748,-79.771733,-98.435356,-78.00399,1
749,-79.670771,-26.602899,-70.674255,1
750,-79.992558,-23.348222,-71.605026,1
751,-80.693313,-15.633594,-75.16832,1
752,-77.020791,-31.483866,-75.705017,1
753,-78.93494,-55.892121,-71.225812,1
754,-80.396682,-92.55344,-71.38821999999998,1
755,-79.47502,-23.628402,-72.129786,1
756,-77.73490799999998,-45.586559,-69.494038,1
757,-75.35198100000002,-96.824962,-66.926509,1
758,-80.116601,-88.73899899999998,-72.08821400000002,1
759,-80.627262,-45.331593,-71.81730999999998,1
760,-79.137215,-25.726845,-71.489207,1
761,-79.60171600000002,-26.378836,-71.909677,1
762,-81.227577,-31.870633,-77.13686,1
763,-73.36999,-78.91959200000002,-71.31089899999998,1
764,-87.443864,-52.285267,-71.827562,1
765,-79.636993,-11.724492,-72.835495,1
766,-84.759286,-63.284473,-76.81464,1
767,-79.397607,-24.919197,-76.944546,1
768,-83.11712800000002,-31.871337,-66.078048,1
769,-80.02432900000002,-50.602373,-75.210342,1
770,-78.622055,-56.104173,-71.33205799999998,1
771,-80.320908,-43.793951,-71.489049,1
772,-73.200064,-99.561351,-69.39105500000001,1
773,-79.878225,-85.88959100000002,-63.866835,1
774,-79.66686999999997,-67.181432,-71.83839,1
775,-79.820022,-75.562942,-71.817388,1
776,-79.70133100000002,-55.296626,-76.550827,1
777,-79.71274100000002,-18.749075,-71.79771,1
778,-84.818748,-84.134198,-70.358501,1
779,-79.628394,-89.124103,-77.3561,1
780,-78.35595,-67.754715,-71.679553,1
781,-79.514599,-96.287064,-70.288515,1
782,-79.911501,-93.676724,-71.716729,1
783,-79.701358,-57.574156,-71.716146,1
784,-80.018413,-47.632068,-63.311616,1
785,-79.634472,-77.782294,-72.27125,1
786,-81.764088,-31.321507,-76.95065,1
787,-79.266289,-74.74630400000002,-71.994496,1
788,-81.669129,-91.195541,-70.626398,1
789,-78.502277,-77.978955,-71.81018900000002,1
790,-79.65809,-82.206891,-72.057447,1
791,-77.45945,-25.464158,-71.42603000000003,1
792,-81.48136099999998,-88.138649,-68.510147,1
793,-82.525504,-41.762569,-72.34637,1
794,-80.27583100000003,-42.426605,-81.82388,1
795,-78.05009,-82.539055,-72.460606,1
796,-87.106492,-97.335545,-71.847786,1
797,-78.90812199999998,-33.766194,-69.508522,1
798,-86.011988,-7.404182,-70.36112299999999,1
799,-79.788467,-13.135205,-71.695379,1
800,63.932178,30.528528,17.044420000000002,2
801,36.451787,31.258485,11.795844,2
802,0.166936,15.599625,11.131621,2
803,28.298904,31.299457,17.576210999999994,2
804,78.421847,15.545198,14.757315,2
805,75.75739200000002,15.42759,16.133549,2
806,29.661364000000006,16.667607999999998,10.095462,2
807,9.029494,15.039201,11.391088,2
808,28.187008,16.447557999999994,11.605396,2
809,18.455412,20.66446,12.633727,2
810,31.590617,13.803965,12.173874,2
811,15.635598000000002,20.737494,12.06387,2
812,42.107184,20.769247,13.5653,2
813,61.292685,26.152009,13.474932999999998,2
814,51.171056,22.047608,14.950277,2
815,10.128012,17.436398,16.369254,2
816,84.18133900000002,23.078315,18.382541,2
817,92.000861,24.795823,10.499051,2
818,14.032543,30.157301,12.406873,2
819,38.415037,14.646627,16.335748000000002,2
820,74.077642,20.655509,16.976564,2
821,4.695964,23.629571,11.82412,2
822,34.107618,12.617723,15.803216,2
823,79.988954,24.276263,13.24581,2
824,24.879027,14.988463,17.837592,2
825,85.95264300000002,16.914922,11.103017,2
826,62.591501,13.90604,16.188791000000002,2
827,61.314775,31.405611,12.981399,2
828,73.561403,15.053659,12.343627,2
829,6.735569,22.36062,13.388309,2
830,83.006881,17.429903,17.312893,2
831,66.307517,18.323127,13.546547,2
832,93.089264,24.810769,13.618828,2
833,63.519058,21.004449,10.162424,2
834,5.895804,25.736712,11.37094,2
835,98.641349,23.064751,13.502757,2
836,17.513082999999998,15.949245,14.192494,2
837,92.172373,27.611987,14.153004,2
838,31.648711,22.583076,15.392766,2
839,64.12910600000001,23.864255,11.018245,2
840,8.06897,20.631978,13.396879,2
841,95.05892,14.223299,16.203613,2
842,40.734555,12.908801,13.003385,2
843,87.203058,24.990821,17.095208,2
844,95.757114,26.112268,14.338760999999998,2
845,17.567779,25.853838,10.301711,2
846,62.76306500000001,29.185018,11.970704,2
847,15.524312,27.696117,10.113028,2
848,67.85238100000001,14.694954,14.961446,2
849,33.779813,26.893012,11.307578,2
850,51.721647,28.427818,15.220885,2
851,95.755524,27.487971,16.062676999999994,2
852,70.577407,16.215034,16.274463,2
853,10.294915,13.780916,13.160529,2
854,94.897001,12.973872,10.584076,2
855,49.262692,16.315456,17.000086,2
856,59.34463,28.253679,15.896323,2
857,87.734317,31.206573,14.078969,2
858,95.746527,25.091744,15.146812,2
859,56.942664,12.495939,12.94455,2
860,78.058297,22.333963,11.47788,2
861,42.100307,21.526617,9.560766,2
862,15.37621,15.930117999999998,11.357146,2
863,90.97527,17.888323,11.986914,2
864,32.416546000000004,16.917676999999998,12.229888,2
865,45.595843,26.28798,14.074397,2
866,29.154509,18.554884,12.524267,2
867,0.605627,16.221816,12.389383,2
868,52.121571,15.412759,18.440141,2
869,15.351051000000002,26.243877,18.454054,2
870,54.423172,22.070325,14.066756,2
871,77.406906,30.078265,18.40884,2
872,79.361172,13.981893,10.952344,2
873,1.020525,31.286386,13.550687,2
874,29.588024,18.431273,15.683825,2
875,60.820781,27.104101,13.191586,2
876,12.286576,13.628513,16.109395000000006,2
877,46.748474,13.74371,17.909025,2
878,79.730788,23.657804,10.204572,2
879,79.085898,26.577742,16.807517999999998,2
880,78.593618,17.90853,12.293866,2
881,29.975595,13.611076,11.618213,2
882,28.987352,28.70644,12.344305,2
883,46.206298,28.900555,12.247673,2
884,91.927347,15.507426,15.106239000000002,2
885,61.047501,27.076205,13.005146,2
886,2.829451,29.413246,13.561872,2
887,76.617827,19.284222,14.173809,2
888,70.146945,15.428795999999998,10.420994,2
889,79.163333,30.4718,17.183953,2
890,60.609654000000006,26.400072,10.675659,2
891,92.544205,13.080663,11.224028,2
892,17.067294,18.594375,9.890895,2
893,49.55513,27.383319,17.767118,2
894,80.98298299999998,25.847812,10.108037,2
895,43.767399,18.43862,17.109896,2
896,83.504221,18.976813,16.115517,2
897,29.347959000000003,14.529268,10.266557,2
898,81.90424,27.871985,11.686112,2
899,93.294634,23.908623,11.199071,2
900,78.870193,16.416147,17.876877,2
901,93.054089,14.997974,18.171033,2
902,13.253227,18.24436,11.991447,2
903,18.82878,27.670288,10.024176,2
904,10.801274,24.053043,16.437298000000002,2
905,18.758732,13.356987,10.183063,2
906,3.5219339999999995,29.240404,13.303092,2
907,77.37745699999998,15.801612,14.291527,2
908,87.073774,31.380695000000006,12.55846,2
909,12.341674,30.105261,18.042179,2
910,32.267053999999995,26.086141,10.818624,2
911,25.443533,24.764953,12.031698,2
912,21.846706,27.285861,14.800679999999998,2
913,50.463925,30.867302,12.970946,2
914,57.501489,13.900727,9.40756,2
915,34.886743,17.468844,9.83415,2
916,43.667191,18.138754,17.873254,2
917,86.672282,13.835698999999998,10.355169,2
918,40.519845,30.398084000000004,10.303738,2
919,75.356825,13.72451,9.641024,2
920,70.34655500000001,19.862057,16.168371,2
921,86.098687,24.701696,12.946184,2
922,15.157428,28.857179,10.932204,2
923,74.590071,19.434875,10.634717,2
924,13.951746,30.372288,11.321908,2
925,14.225437,17.987033,13.719206,2
926,19.178541,26.293011,16.437573999999998,2
927,12.315281,23.757933,17.093598999999998,2
928,22.983615,31.465251,16.571228,2
929,33.087784,26.77785,17.173963,2
930,35.922421,21.13744,11.601944,2
931,10.357721000000002,18.493258,17.465763,2
932,49.447772,21.376367,16.204875,2
933,66.4458,16.543120000000002,10.428119,2
934,80.180588,19.196895,9.893383,2
935,1.453408,21.902729,12.539036,2
936,49.022993,25.550697,10.049209,2
937,26.411276,27.893198,15.460706,2
938,10.995717,13.243839,15.4498,2
939,89.850087,19.537497,13.192343,2
940,75.316061,26.370335,17.347904999999994,2
941,99.660693,28.340487,11.119856,2
942,88.327517,18.7249,15.38993,2
943,63.163238,31.363619,17.343552,2
944,74.631782,27.593749,11.452738,2
945,80.234637,27.870204,15.975082999999998,2
946,14.858547,18.173819,13.129483,2
947,22.170703,23.197533,11.406585,2
948,88.843385,25.289038,11.778946,2
949,55.396441,23.358414,15.167697,2
950,97.186694,18.663258,12.714928,2
951,84.5607,18.598718,11.206404,2
952,3.617147,16.378484,14.205697,2
953,69.513462,28.392824,14.146081,2
954,56.83971500000001,23.567511,12.279664,2
955,79.54765400000002,19.807923,10.545745,2
956,51.862714,22.634181,13.280919,2
957,92.963436,26.851291,18.42383,2
958,15.165102,24.729181,15.452824,2
959,41.451326,16.245096,11.556519,2
960,4.909893,15.709974,14.526269,2
961,41.463222,12.77325,17.465087,2
962,61.469036,13.461271,10.223482,2
963,14.375107,26.683493,17.856363,2
964,66.627234,18.473934,14.060273,2
965,98.406005,14.583673999999998,17.578631,2
966,11.164828,24.44853,13.33522,2
967,53.926696,23.110098,11.112962,2
968,53.102885,25.994667,16.989953,2
969,19.689112,14.858068,9.684418,2
970,43.535463,15.791982999999998,11.238735,2
971,99.958,23.678742,11.385555,2
972,88.617417,16.349731,11.862127,2
973,97.841231,19.084034,9.559447,2
974,90.792678,12.736168,12.438459,2
975,42.103542,31.454068,13.452969,2
976,32.00846,14.556645,10.079129,2
977,75.36598000000002,24.814093,15.180135,2
978,94.346803,15.893748,12.547319,2
979,77.79431600000002,19.638833,13.693339000000002,2
980,81.104958,27.919755,15.28696,2
981,1.465424,27.911766,11.544181,2
982,23.436415,25.746674,13.405117,2
983,50.635076,25.336053,16.576534,2
984,52.57487,23.584719,16.705582,2
985,86.095511,12.572179,16.689316,2
986,30.744654,18.660539,17.690872,2
987,38.385011,13.974878,14.492237,2
988,1.980019,12.899578,16.134632,2
989,36.69478,27.696909,10.455628,2
990,83.98062,24.102865,17.861779000000006,2
991,48.747431,24.381605,16.147779,2
992,72.45843599999998,28.839468,13.396106,2
993,16.582670999999998,19.449719,10.447633,2
994,95.495244,29.450034,15.776113,2
995,75.823387,26.805248,15.826565,2
996,55.97310600000001,13.632123000000002,9.678689,2
997,47.109228,20.933373,10.401419,2
998,3.158449,21.309994,10.608786,2
999,77.22365500000002,28.289743,17.908133,2
1000,88.99395600000003,25.242681,14.368624,2
1001,82.004816,15.493881,10.962709,2
1002,56.214235,29.276269,9.693332,2
1003,0.23963,13.40938,13.040013,2
1004,11.922233,12.552526,12.063265,2
1005,82.054721,26.974964,9.81894,2
1006,52.740636,18.600567,10.377396,2
1007,55.98844,27.561258,14.435154,2
1008,67.164112,28.16203,9.557094,2
1009,80.614455,23.829719,17.140570999999998,2
1010,74.133785,21.736249,14.147347,2
1011,28.82706,18.313368,15.598096,2
1012,46.159704,29.005931,14.538068,2
1013,49.568133,29.051511,14.989769,2
1014,89.687422,31.319251,15.030802,2
1015,19.09244,27.905862,12.867817,2
1016,23.8787,18.916614000000006,15.807521,2
1017,34.790854,29.566228,13.925532,2
1018,90.213914,23.320483,12.331477,2
1019,92.127898,19.63314,17.777379,2
1020,77.227587,14.713102,13.103613,2
1021,29.4936,20.196325,15.905669,2
1022,97.673368,28.976406,14.716075,2
1023,54.225327,19.383713,13.548325,2
1024,15.732147,17.422147,13.467445,2
1025,77.689073,21.053739,11.750616,2
1026,15.919492000000002,25.595729,14.841793,2
1027,86.39650999999998,13.192235,13.920734,2
1028,36.229353,30.351909000000006,10.00625,2
1029,68.576473,28.854549,13.440839000000002,2
1030,60.661522,24.522987,14.517381,2
1031,1.478458,30.132993,18.22189,2
1032,73.032096,29.690442,17.018145,2
1033,31.53667,20.983598,11.216868,2
1034,77.231811,23.976025,13.591785,2
1035,22.039752,19.732242000000006,17.707231,2
1036,48.015213,22.760304,14.883214,2
1037,7.89883,20.172771,15.230844,2
1038,57.679044,27.063991,14.686342000000002,2
1039,64.519966,21.086892,13.424194,2
1040,9.036052,13.604283,10.086039,2
1041,65.361087,13.885502,9.436616,2
1042,62.32213,27.777006,17.691412,2
1043,46.078885,14.754531,12.656919,2
1044,66.199487,29.444867,18.172942000000006,2
1045,12.371355,14.615975,12.538706,2
1046,3.686932,23.748994,17.472065,2
1047,64.024917,25.251438,12.048964,2
1048,28.176163,17.201528,9.928647,2
1049,86.354586,29.473932,14.059983,2
1050,30.688082,31.192688,14.605096,2
1051,38.404241,24.603988,15.28499,2
1052,38.996661,17.437245,13.506403,2
1053,30.138712,26.201953,14.602801,2
1054,66.05572,19.772725,13.623577,2
1055,62.479832,22.125893,14.653568,2
1056,97.100121,22.827187,10.944458,2
1057,85.83608100000002,15.984333,17.071753,2
1058,15.084221,21.343747,10.224611,2
1059,21.073894,18.74824,18.37564,2
1060,72.381573,24.585449,18.234102,2
1061,29.668781,12.869262,14.934769,2
1062,94.413977,20.286853,17.316922,2
1063,39.649256,26.019566,14.783453,2
1064,96.911288,19.562993,18.284942,2
1065,43.431885,31.447341,13.797921,2
1066,1.2508,30.895752,9.647014,2
1067,18.383244,28.20162,11.332823,2
1068,2.728047,31.070803,15.587263,2
1069,11.964253,16.058194,9.481421,2
1070,10.611829,29.825962,15.289525,2
1071,7.706825,16.448194,15.482361,2
1072,68.61033,15.385671,10.113936,2
1073,55.644474,22.927394,16.609376,2
1074,14.888141,22.339887,10.894024,2
1075,12.540819,30.601107,10.874534,2
1076,60.973863,30.839023,10.590682,2
1077,63.874205,15.314622,18.131923,2
1078,85.266761,15.833526,17.931969,2
1079,53.327694,18.109258,10.536856,2
1080,54.41159,20.127744,9.740281,2
1081,19.206531,21.593667,11.648408,2
1082,86.116759,15.623008,13.047295,2
1083,94.138934,26.207196,18.060735,2
1084,73.411767,29.039084000000006,13.676277,2
1085,89.99098000000002,31.424485,13.251209,2
1086,6.356403,24.001286,12.940168,2
1087,19.608157,17.129765,14.305003,2
1088,15.582324,14.327341,15.918535,2
1089,9.363123,24.470853,9.506445,2
1090,22.02445,15.799438,13.178086,2
1091,25.947876,19.45273,17.552305,2
1092,50.802184,16.811985999999994,9.948619,2
1093,91.00135,15.697147,16.533985,2
1094,86.194629,29.660869,15.36028,2
1095,33.293311,27.757044,15.329835999999998,2
1096,75.729279,28.966101,11.741643,2
1097,14.753335,13.674692000000002,13.97643,2
1098,68.748721,16.638621,14.868085999999998,2
1099,40.443485,18.41959,11.504945,2
1100,41.801881,22.608881,13.102139,2
1101,83.435737,27.544451,16.450263,2
1102,73.051878,18.186488,9.416423,2
1103,79.260634,16.474846,10.964592,2
1104,57.706479,13.848913,10.088893,2
1105,23.277555,20.181666,17.41706,2
1106,88.51468100000002,15.565109,16.208376,2
1107,14.391721,18.371355,16.787235,2
1108,64.78287900000001,31.448114,9.670306,2
1109,24.954916,20.119813,12.523272,2
1110,48.235526,28.070988,17.384058,2
1111,89.036299,24.920284,15.494013,2
1112,66.563765,19.794456,18.23526,2
1113,66.934685,15.849602,11.039838,2
1114,84.287991,26.826006,11.702196,2
1115,92.035451,31.253652,15.399679999999998,2
1116,80.16804499999998,29.069018,16.884567,2
1117,55.042176,12.785386,10.598093,2
1118,36.266002,25.107799,10.578973,2
1119,39.42184500000001,29.854498,14.246813,2
1120,73.872831,20.008328,12.609124,2
1121,61.643408,17.922912,9.461384,2
1122,28.681452,30.584069,12.973288,2
1123,25.789148,24.294684,14.594525,2
1124,43.967845,21.306088,12.360148,2
1125,69.412173,19.791143,12.247828,2
1126,35.415442,16.018889,11.08847,2
1127,17.706932000000005,26.488513,11.241107,2
1128,31.039977,14.365609,17.29956,2
1129,44.163299,21.864076,16.516661,2
1130,97.520383,16.894402,11.014746,2
1131,32.91310900000001,28.619653000000003,13.629667,2
1132,33.777215000000005,15.054084,13.196434,2
1133,73.164579,19.959463,9.748859,2
1134,30.335833,28.322628,13.98525,2
1135,62.997458,22.504489000000003,17.495566,2
1136,94.427009,29.240894,10.081615,2
1137,13.139165,13.587851,16.801809,2
1138,33.52565,19.491995000000006,17.711806,2
1139,20.369341,27.892338,13.099304,2
1140,98.625154,27.420687,15.221286,2
1141,16.528616,14.660026,13.846557999999998,2
1142,63.116025,21.084822,15.086524,2
1143,4.951147,15.980431,9.561189,2
1144,8.968667,21.750639000000003,17.160428,2
1145,59.456575,14.71235,12.854858,2
1146,48.450324,13.652306,11.777875,2
1147,56.117959,16.151519,12.315113,2
1148,37.501656,22.528465,15.682054999999998,2
1149,28.867418,26.402937,13.958744,2
1150,69.637088,26.141426,12.009382,2
1151,33.6835,29.28535,13.060486,2
1152,82.650059,22.269614,17.190829,2
1153,45.218218,23.211376,9.758447,2
1154,47.177126,24.917315,14.207899,2
1155,32.494627,17.205512,15.284081,2
1156,70.58289599999998,26.421294,15.85221,2
1157,96.857373,18.074449,17.618149,2
1158,29.024991,25.207675,13.324071,2
1159,98.125729,30.698574,10.886928,2
1160,48.322884,24.923215,17.440772,2
1161,77.13684,31.330186,16.385095,2
1162,17.480705,28.030037,11.966956,2
1163,3.131695,17.609942,17.116503,2
1164,7.254389,26.583548,13.967339,2
1165,60.18461800000001,13.743287,16.238429,2
1166,24.919843,27.168927000000004,13.810084,2
1167,95.887071,26.571165,16.497633,2
1168,86.225468,13.070941,13.487631,2
1169,29.460683000000003,12.714434,13.109277,2
1170,45.962058,21.905976000000006,9.962941,2
1171,34.354747,17.557152,9.887302,2
1172,11.167366,20.882174,17.346308999999998,2
1173,39.51594,21.477857,10.694909,2
1174,24.351616,22.857721,17.460651000000002,2
1175,74.643061,15.284399,18.072386,2
1176,49.846849,20.024426,16.002361999999998,2
1177,98.413306,19.242102,13.645846,2
1178,76.460389,16.622035,13.935342000000002,2
1179,21.489757,22.22578,14.053973999999998,2
1180,62.368826,30.968266,9.461553,2
1181,68.734684,18.481821,11.901175,2
1182,74.270832,20.605976,15.934394,2
1183,61.62732800000001,28.12234,11.136786,2
1184,76.022391,13.73319,16.116835000000002,2
1185,64.633146,27.931117,17.467184,2
1186,59.954221,18.391439,11.972985,2
1187,32.568512,18.089632,15.22016,2
1188,79.333391,13.61214,17.211604,2
1189,29.273849,17.699727,12.772457,2
1190,80.51561600000002,29.562961,12.523359,2
1191,81.381574,23.615955,15.406151,2
1192,9.008565,18.721986,10.190673,2
1193,80.87729300000002,30.444178000000004,17.693919,2
1194,0.119453,25.883375,18.300813,2
1195,73.989435,19.156212,16.596088,2
1196,62.67185600000001,30.560161,10.31924,2
1197,91.086559,17.733954,13.014065,2
1198,55.120615,13.802938,13.562944,4
1199,40.999492,19.371145,16.070899,4
1200,-66.020274,-71.688682,-98.194963,4
1201,-68.228117,-75.994835,-87.573998,4
1202,-61.803758,-75.290379,-19.791471,4
1203,-67.63443000000001,-73.37265699999998,-24.861565,4
1204,-70.812064,-77.882338,-5.806268,4
1205,-67.970375,-79.825642,-21.093524,4
1206,-67.23530799999999,-74.575032,-2.8879200000000003,4
1207,-67.081078,-75.76009499999998,-64.877542,4
1208,-67.993228,-75.953097,-19.586499,4
1209,-68.3732,-74.350626,-80.183243,4
1210,-68.165272,-74.905333,-16.738223,4
1211,-68.417986,-74.853638,-5.722867,4
1212,-68.21208100000001,-73.88874399999997,-16.924117000000006,4
1213,-58.150688,-75.08008000000002,-39.941692,4
1214,-72.045278,-75.34284699999998,-97.548394,4
1215,-76.341064,-74.2611,-28.879941,4
1216,-68.294891,-75.37379399999998,-1.914293,4
1217,-70.302221,-75.216435,-3.956337,4
1218,-68.282253,-75.36910400000002,-69.280445,4
1219,-72.827363,-74.642235,-76.590535,4
1220,-68.55858,-75.317122,-74.591964,4
1221,-68.068988,-74.9786,-40.791381,4
1222,-65.284244,-75.482373,-96.395861,4
1223,-67.864025,-74.81043199999998,-82.016175,4
1224,-68.28732600000001,-75.41499300000002,-16.161563,4
1225,-70.520746,-71.107327,-59.412234,4
1226,-64.983526,-74.00794,-9.004153,4
1227,-68.49076099999999,-75.38435,-84.682985,4
1228,-67.342535,-75.75831600000002,-71.893781,4
1229,-70.67285,-76.207349,-77.653142,4
1230,-68.365122,-78.40366,-59.810064,4
1231,-68.938642,-75.31394300000002,-26.571844,4
1232,-68.230228,-75.218259,-28.987628000000004,4
1233,-69.352611,-74.37177,-49.622528,4
1234,-70.312042,-78.022667,-0.411082,4
1235,-68.276535,-75.322946,-40.188122,4
1236,-65.248972,-75.39661,-40.265832,4
1237,-69.78930799999999,-75.74743199999998,-72.372525,4
1238,-69.664234,-70.58238399999998,-1.177158,4
1239,-67.13590400000001,-75.042793,-37.732318,4
1240,-68.319489,-72.450773,-20.90883,4
1241,-68.299871,-75.339958,-25.496925,4
1242,-72.30751,-75.365847,-33.776305,4
1243,-69.324311,-74.371711,-37.82388,4
1244,-68.153683,-72.329994,-99.626997,4
1245,-68.478318,-75.243003,-38.125461,4
1246,-68.741617,-75.118913,-20.702252,4
1247,-69.19328900000001,-84.474725,-92.258289,4
1248,-68.07758299999999,-75.494295,-47.566561,4
1249,-68.95956,-75.765137,-18.796482,4
1250,-66.66879499999999,-77.664732,-99.592973,4
1251,-68.043582,-67.397265,-17.163719,4
1252,-66.574377,-82.377404,-46.384436,4
1253,-64.698948,-75.87592,-91.160291,4
1254,-68.838686,-79.713689,-30.175778,4
1255,-67.41712,-73.333466,-92.718969,4
1256,-68.46956899999999,-76.704441,-77.524732,4
1257,-68.419573,-74.797974,-31.297326,4
1258,-69.31461,-75.53546800000002,-65.994124,4
1259,-66.800567,-73.978121,-38.748366,4
1260,-66.927676,-75.536353,-2.164094,4
1261,-67.24768900000001,-76.13645,-19.438446,4
1262,-62.1996,-76.916689,-10.181511,4
1263,-68.522834,-74.731263,-92.711433,4
1264,-69.521334,-82.13061400000002,-42.503229,4
1265,-69.229086,-73.749975,-99.001404,4
1266,-64.726765,-76.525325,-18.67163,4
1267,-70.322707,-76.035363,-27.38978,4
1268,-61.92844300000001,-78.907216,-45.789247,4
1269,-68.378895,-75.38120500000002,-4.664681,4
1270,-66.898618,-74.40804399999998,-72.516281,4
1271,-68.30154300000001,-76.867728,-60.225866,4
1272,-73.254866,-76.951479,-36.419577,4
1273,-70.379979,-73.479945,-12.120081,4
1274,-77.458896,-75.638849,-88.60013000000002,4
1275,-68.24338,-75.658119,-23.903029,4
1276,-68.12337600000001,-78.212097,-42.748946,4
1277,-65.513931,-75.547961,-45.141927,4
1278,-68.15026999999999,-78.953119,-73.749746,4
1279,-68.281666,-73.782211,-84.80299000000002,4
1280,-66.534038,-76.001879,-82.985196,4
1281,-67.556786,-73.949713,-62.889359,4
1282,-65.666921,-74.90654599999998,-68.29075999999999,4
1283,-68.314639,-75.283445,-11.466182,4
1284,-68.46995600000001,-79.984447,-68.92371,4
1285,-69.192438,-75.391646,-6.27406,4
1286,-64.22829499999999,-78.716809,-33.534282,4
1287,-68.515734,-75.304895,-13.464041,4
1288,-68.05229200000001,-76.34701,-72.012511,4
1289,-68.259011,-73.03120899999998,-27.719929,4
1290,-68.971011,-76.368364,-19.375841,4
1291,-68.23413599999999,-76.20859300000002,-0.256241,4
1292,-69.33622700000001,-75.971272,-15.791875,4
1293,-67.44112,-79.186823,-75.853633,4
1294,-68.617742,-71.296468,-75.08587800000002,4
1295,-68.72621600000001,-83.626754,-67.069109,4
1296,-72.867147,-75.061336,-92.248498,4
1297,-70.847983,-76.25345,-76.975701,4
1298,-69.184087,-75.219881,-22.708394,4
1299,-68.354665,-77.821501,-6.990357,4
1300,-66.95019599999999,-74.115055,-27.919962,4
1301,-68.33524399999999,-74.906772,-34.555392,4
1302,-72.18131,-75.0408,-81.24525600000003,4
1303,-67.91170699999999,-74.376482,-96.564289,4
1304,-67.348736,-75.314944,-9.199164,4
1305,-68.280564,-75.0382,-33.683264,4
1306,-70.019297,-74.171053,-13.27745,4
1307,-66.250242,-75.408295,-62.329283,4
1308,-70.212223,-79.504172,-53.770544,4
1309,-62.878621,-71.423572,-21.046643,4
1310,-60.037147,-75.726775,-38.237056,4
1311,-68.882666,-70.907865,-33.119153000000004,4
1312,-68.863057,-72.358561,-64.883606,4
1313,-68.329998,-75.415889,-14.543945,4
1314,-66.041848,-75.54456,-83.749544,4
1315,-67.644239,-75.14815,-51.680011,4
1316,-68.516584,-73.433883,-72.492168,4
1317,-68.390047,-75.796122,-68.51285899999999,4
1318,-67.88927199999999,-75.801874,-24.745649,4
1319,-68.336779,-76.395946,-76.487695,4
1320,-63.742597,-75.237369,-32.297235,4
1321,-68.84321,-78.74961,-85.693937,4
1322,-68.386418,-75.495345,-0.72487,4
1323,-67.03054499999999,-73.704324,-97.674442,4
1324,-68.19730200000001,-75.718551,-89.604177,4
1325,-69.162892,-76.848912,-42.793076,4
1326,-68.75112,-84.408261,-61.191524,4
1327,-61.195399,-74.747714,-83.038871,4
1328,-68.179979,-75.437635,-39.655005,4
1329,-67.359211,-76.00591899999998,-74.830446,4
1330,-69.39101099999999,-71.642065,-36.217874,4
1331,-66.629525,-71.82699699999998,-79.675423,4
1332,-69.01880600000001,-77.666885,-39.845198,4
1333,-66.968645,-76.17347099999998,-92.914685,4
1334,-62.950275,-75.77326500000002,-10.667019,4
1335,-68.166237,-75.363157,-67.863068,4
1336,-67.84225500000001,-70.918847,-13.245183,4
1337,-68.839285,-76.038886,-46.117583,4
1338,-68.231921,-75.48186700000002,-25.2471,4
1339,-68.017461,-71.34563299999998,-71.350461,4
1340,-63.20024300000001,-75.142044,-81.584572,4
1341,-68.976928,-80.252579,-26.332604,4
1342,-68.445528,-75.813863,-31.956939,4
1343,-67.955678,-78.253447,-66.872888,4
1344,-67.81118000000001,-76.302371,-5.479576,4
1345,-66.64030699999999,-76.187696,-45.520388,4
1346,-70.50990999999998,-75.496414,-9.361821,4
1347,-68.138227,-76.384668,-88.059143,4
1348,-68.469241,-76.277709,-61.271446,4
1349,-67.432321,-74.160449,-31.996406,4
1350,-68.768214,-75.413452,-54.91945,4
1351,-70.291981,-74.378456,-54.16861899999999,4
1352,-68.249941,-74.816328,-1.840528,4
1353,-68.45929100000001,-75.357351,-91.169119,4
1354,-68.531899,-76.131468,-30.31519,4
1355,-67.658672,-75.349666,-91.525117,4
1356,-68.360547,-75.313652,-74.683862,4
1357,-67.46429499999999,-74.388042,-78.886624,4
1358,-68.57014000000001,-68.69318100000001,-76.763175,4
1359,-69.594173,-71.06072900000002,-31.991071,4
1360,-67.979988,-74.622282,-3.215426,4
1361,-68.41618000000001,-76.40379300000002,-75.18387299999998,4
1362,-71.018103,-76.848926,-23.224471,4
1363,-68.78948100000001,-74.386509,-75.283459,4
1364,-66.951493,-73.014587,-12.360966,4
1365,-69.839978,-70.015691,-37.527248,4
1366,-69.128346,-75.34277800000002,-82.807997,4
1367,-68.541556,-74.379615,-37.137452,4
1368,-67.110846,-72.683111,-57.34755,4
1369,-67.06024000000001,-75.197273,-57.393774,4
1370,-68.30094,-75.372683,-19.043384,4
1371,-67.210962,-76.632681,-99.165293,4
1372,-67.876829,-75.222362,-5.486564,4
1373,-68.308639,-70.40321999999998,-54.713697,4
1374,-74.546144,-77.807314,-55.99753199999999,4
1375,-67.822126,-77.868509,-12.775753,4
1376,-69.098888,-75.95873900000002,-63.389131000000006,4
1377,-65.009425,-76.069244,-14.133052,4
1378,-68.407224,-76.670552,-83.688057,4
1379,-68.29024,-75.242568,-34.52703,4
1380,-67.88002,-75.37804200000002,-59.249539,4
1381,-66.949668,-74.348895,-98.913745,4
1382,-66.041146,-74.06495699999998,-55.652177,4
1383,-66.81749,-75.315309,-20.185752,4
1384,-66.814911,-76.443935,-2.854988,4
1385,-68.242727,-75.369648,-84.065449,4
1386,-67.596632,-75.374575,-3.719643,4
1387,-72.284543,-71.32709200000002,-30.161658000000006,4
1388,-68.463139,-75.156377,-23.078533,4
1389,-69.326987,-75.115041,-91.997201,4
1390,-67.79920200000001,-74.923558,-11.078873,4
1391,-71.883514,-76.667589,-45.66300800000001,4
1392,-68.296983,-75.322466,-54.091163,4
1393,-67.582833,-75.899335,-50.878283,4
1394,-70.36048100000001,-70.57943900000002,-34.113409000000004,4
1395,-67.371962,-76.191553,-95.521304,4
1396,-65.322296,-75.48321800000002,-4.726957,4
1397,-68.452143,-66.649547,-91.182351,4
1398,-67.20491,-74.72709499999998,-8.380367,4
1399,-67.836265,-76.368146,-8.987764,4
1400,-68.93109799999999,-78.10401,-69.84023,4
1401,-66.914277,-78.128022,-97.207831,4
1402,-68.312423,-75.388838,-38.706105,4
1403,-68.301775,-75.31566600000002,-8.32768,4
1404,-73.82754,-75.61402700000002,-3.871353,4
1405,-63.698301,-78.185695,-21.071204,4
1406,-68.07993,-73.67479499999997,-17.396683,4
1407,-65.36658100000001,-78.705261,-82.766345,4
1408,-68.566616,-75.674784,-62.011925,4
1409,-69.35334499999999,-74.947119,-10.75868,4
1410,-70.582697,-74.655208,-66.735653,4
1411,-67.10704399999999,-80.13533100000002,-4.801696,4
1412,-70.51750799999998,-75.96273000000002,-73.968006,4
1413,-66.56716899999999,-75.418458,-76.944998,4
1414,-64.387343,-78.308518,-98.010018,4
1415,-68.477574,-75.269305,-84.18524599999998,4
1416,-75.233755,-75.257389,-12.708471,4
1417,-68.28621700000001,-75.155653,-74.879823,4
1418,-68.328565,-75.56392,-53.381187,4
1419,-67.370367,-73.250512,-46.7789,4
1420,-68.02924200000001,-77.583945,-50.548782,4
1421,-68.681169,-74.50399300000002,-59.244677,4
1422,-69.539454,-76.483548,-36.285396,4
1423,-74.99252,-74.310012,-59.244439,4
1424,-68.326084,-75.569437,-97.673799,4
1425,-67.891797,-76.411546,-14.637949,4
1426,-68.301464,-75.361876,-6.396668,4
1427,-67.434211,-77.77470699999998,-26.345344,4
1428,-71.014075,-71.238962,-79.490438,4
1429,-68.658715,-75.306475,-74.542775,4
1430,-68.879365,-78.383585,-91.159202,4
1431,-68.434903,-75.039874,-12.458796,4
1432,-72.216747,-75.089106,-94.014098,4
1433,-68.31100699999999,-75.360598,-55.798961,4
1434,-68.237472,-75.343119,-48.993201,4
1435,-68.522373,-77.27673,-11.03915,4
1436,-66.519885,-76.416841,-70.54454799999998,4
1437,-68.308673,-75.756483,-27.472754,4
1438,-68.547565,-75.424384,-22.791255,4
1439,-68.304755,-75.433684,-26.833796000000003,4
1440,-69.578501,-74.706479,-40.028644,4
1441,-68.300986,-77.655478,-65.973903,4
1442,-68.0337,-68.85204300000001,-49.315376,4
1443,-66.99493100000001,-75.380476,-24.988415,4
1444,-68.351076,-75.513593,-57.935622,4
1445,-65.31044399999999,-76.094352,-54.75965600000001,4
1446,-67.91897900000001,-78.286201,-2.12474,4
1447,-66.179715,-75.429213,-49.779081,4
1448,-67.59319,-75.29614699999998,-84.97845,4
1449,-67.964741,-74.74824,-38.098181,4
1450,-70.915904,-75.014972,-80.49862900000002,4
1451,-68.426673,-75.40019699999998,-74.425579,4
1452,-68.00749,-74.090549,-21.189949,4
1453,-63.258695,-75.43870600000002,-90.725524,4
1454,-68.320453,-77.212028,-74.163234,4
1455,-68.118814,-76.84988,-14.336033,4
1456,-67.078733,-75.562736,-55.197798,4
1457,-68.40871700000001,-72.76876700000003,-60.72892,4
1458,-70.935383,-75.879439,-16.972801999999998,4
1459,-64.887805,-81.946116,-17.439832,4
1460,-68.32638399999999,-75.39124,-90.116847,4
1461,-66.765309,-79.879398,-86.651873,4
1462,-73.742829,-75.68409399999999,-91.205707,4
1463,-68.252962,-81.704564,-58.30425699999999,4
1464,-64.496638,-76.12079,-90.567721,4
1465,-68.90338100000001,-75.313225,-49.793254,4
1466,-71.068612,-72.03917,-7.835035,4
1467,-69.21130699999999,-74.88820600000003,-19.127602,4
1468,-69.54481,-76.120901,-99.530408,4
1469,-68.83417,-75.353847,-39.874648,4
1470,-68.447992,-78.53164699999998,-5.634531,4
1471,-62.424221,-78.83670699999998,-15.944345000000002,4
1472,-75.923627,-75.83903000000002,-45.886316,4
1473,-68.06733,-68.81917,-54.500415,4
1474,-66.85000699999999,-75.31496899999998,-13.3673,4
1475,-67.973506,-75.424526,-55.48848100000001,4
1476,-68.192669,-75.351754,-98.433395,4
1477,-66.703278,-75.351199,-67.70388299999999,4
1478,-68.647488,-75.352715,-82.406491,4
1479,-67.65115899999999,-67.807327,-2.308744,4
1480,-66.225932,-79.314718,-30.871655,4
1481,-72.798957,-76.034087,-33.059238,4
1482,-67.275812,-76.09272,-42.944063,4
1483,-65.782771,-71.546555,-57.676665,4
1484,-68.815702,-75.273584,-95.673461,4
1485,-63.034505,-75.360505,-85.058293,4
1486,-74.149067,-76.581559,-56.547227,4
1487,-68.639076,-75.464469,-29.251484,4
1488,-68.693085,-76.069488,-77.58789300000002,4
1489,-68.247254,-75.34953900000002,-30.983193,4
1490,-66.75479,-75.70591800000003,-99.931046,4
1491,-68.319982,-75.288001,-68.12051600000001,4
1492,-67.850785,-85.273267,-7.546096,4
1493,-67.842451,-77.374454,-70.786495,4
1494,-68.315454,-75.405227,-74.457099,4
1495,-73.134175,-74.12059,-59.09155300000001,4
1496,-70.97242800000002,-75.904595,-96.902535,4
1497,-69.413443,-75.19303000000002,-15.575408,4
1498,-68.365372,-75.93588299999998,-3.16585,4
1499,-69.919209,-73.444505,-19.77166,4
1500,-68.235723,-75.839027,-39.437956,4
1501,-68.690102,-71.945683,-50.672318,4
1502,-68.189662,-74.834298,-62.917469,4
1503,-69.026451,-75.383081,-80.437269,4
1504,-69.389212,-68.972325,-30.287988,4
1505,-68.31348,-75.398821,-91.892289,4
1506,-67.23983100000001,-75.60414200000002,-5.687474,4
1507,-74.454924,-74.50223199999998,-99.865179,4
1508,-68.380987,-77.105499,-52.243717,4
1509,-68.388442,-73.91449300000002,-25.968229,4
1510,-69.867683,-77.758186,-94.638308,4
1511,-76.710812,-74.969249,-1.130968,4
1512,-67.105063,-76.177454,-9.325706,4
1513,-68.280573,-81.033139,-94.233594,4
1514,-68.384757,-75.37983100000002,-40.606593,4
1515,-61.648068,-76.55635500000002,-18.912409,4
1516,-63.622735,-75.450417,-42.696817,4
1517,-68.436227,-75.393785,-78.43490600000001,4
1518,-68.220301,-75.60777,-80.816878,4
1519,-67.028646,-68.48132700000001,-54.376921,4
1520,-66.436093,-78.814704,-55.372528,4
1521,-65.582126,-77.310524,-13.134481,4
1522,-71.080428,-74.43136,-55.371548,4
1523,-68.29181,-75.547614,-30.672211,4
1524,-68.724352,-75.287185,-3.0599,4
1525,-66.066994,-75.903152,-68.63170699999999,4
1526,-68.0535,-75.973123,-65.016126,4
1527,-68.055778,-75.76301099999998,-74.88000799999998,4
1528,-69.818714,-75.304201,-55.6318,4
1529,-61.818722,-73.860202,-47.338465,4
1530,-67.980636,-76.176579,-63.683936,4
1531,-68.360352,-72.673649,-52.515202,4
1532,-68.599594,-75.71392800000002,-85.194889,4
1533,-68.061346,-75.30579200000003,-46.622581,4
1534,-67.243105,-72.070656,-23.705506,4
1535,-64.843991,-76.53879599999998,-66.740656,4
1536,-63.537466,-75.349665,-70.034926,4
1537,-73.167735,-74.54590999999998,-81.38480600000003,4
1538,-71.23362,-75.0161,-28.184051,4
1539,-67.999125,-75.83176999999998,-9.935285,4
1540,-68.240478,-74.976934,-7.727521,4
1541,-67.670604,-75.161201,-34.094266,4
1542,-69.072422,-75.22179,-66.286109,4
1543,-66.648763,-74.801824,-69.176186,4
1544,-67.826999,-75.419562,-41.07850300000001,4
1545,-71.89813000000002,-75.324137,-39.791181,4
1546,-69.962673,-74.744069,-62.12175300000001,4
1547,-72.000547,-79.428242,-51.979272,4
1548,-72.734374,-75.435834,-90.566971,4
1549,-68.30601,-75.360035,-63.584594,4
1550,-75.870715,-75.055226,-44.710772,4
1551,-68.282476,-75.628468,-32.740679,4
1552,-67.738582,-73.80753399999998,-31.788014,4
1553,-68.645012,-75.24176899999998,-37.675828,4
1554,-67.940039,-75.934857,-44.492987,4
1555,-68.253163,-75.30562900000002,-26.174821,4
1556,-65.90169499999999,-73.973058,-5.023316,4
1557,-63.84806800000001,-74.59649,-32.8246,4
1558,-68.627638,-75.371886,-23.564595,4
1559,-68.298624,-75.363298,-34.967279,4
1560,-68.32606,-75.225797,-98.999496,4
1561,-66.878108,-75.30386700000003,-28.462525,4
1562,-71.248159,-76.83359300000002,-27.870387,4
1563,-68.213953,-75.23089,-38.622353,4
1564,-66.97556800000001,-79.9366,-63.905084,4
1565,-68.344669,-75.006463,-74.638963,4
1566,-72.613321,-76.267354,-11.565127,4
1567,-68.603806,-75.026999,-31.241338,4
1568,-70.742673,-76.587603,-81.89535699999998,4
1569,-67.904625,-76.421724,-7.1783850000000005,4
1570,-68.826608,-70.42874300000003,-44.651556,4
1571,-72.039759,-75.70102299999998,-0.557617,4
1572,-69.521406,-81.66525,-35.634464,4
1573,-67.302352,-70.45082,-79.12996,4
1574,-72.302513,-75.53881,-69.872063,4
1575,-67.094008,-75.173592,-72.27159,4
1576,-68.333896,-75.65175,-21.509689,4
1577,-70.455939,-75.455484,-87.41116,4
1578,-69.338196,-76.059721,-20.703455,4
1579,-69.966285,-78.693247,-72.69038,4
1580,-67.880494,-73.67665500000003,-85.37476600000002,4
1581,-68.68375400000001,-75.339763,-70.540809,4
1582,-68.857722,-74.757286,-90.683298,4
1583,-65.70915600000001,-75.960394,-1.778509,4
1584,-67.170838,-79.827765,-18.55317,4
1585,-70.41646,-75.076802,-50.404405,4
1586,-67.471786,-74.36263000000002,-27.120405,4
1587,-69.232579,-80.18029,-36.3887,4
1588,-68.369461,-75.964541,-71.46078399999998,4
1589,-69.121388,-75.674585,-10.937491,4
1590,-71.11832,-77.145638,-61.828267,4
1591,-63.960872,-75.39171400000002,-82.870104,4
1592,-68.259906,-76.350595,-95.617766,4
1593,-65.749214,-75.094581,-68.594507,4
1594,-67.309572,-72.452551,-9.798527,4
1595,-67.092686,-74.895471,-94.882838,4
1596,-69.459804,-76.74844300000002,-9.429938,4
1597,-68.335729,-75.179647,-68.81696,4
1598,-70.683012,-74.772717,-87.287533,4
1599,-66.548366,-76.526742,-41.27784000000001,4
1600,20.940395,33.59388,27.225678,5
1601,12.253471,31.823676000000006,37.024205,5
1602,14.601698999999998,33.199443,51.611887,5
1603,10.913,32.253014,77.13705999999998,5
1604,16.904266,39.683083,45.515551,5
1605,18.36046,40.053217,75.30053000000002,5
1606,19.705878,35.372901,44.11749,5
1607,18.406055,34.964523,2.282306,5
1608,17.187213,32.613328,56.064889,5
1609,20.237353,37.894785,37.561244,5
1610,11.16933,37.367737,83.160072,5
1611,15.373588,26.436357,19.187744,5
1612,21.090958,36.812639,62.65392900000001,5
1613,13.618744,42.770964,1.002952,5
1614,10.088192,37.409843,79.524956,5
1615,17.116817,33.792806,60.048208,5
1616,13.302663,31.787177000000003,15.26587,5
1617,20.115397,28.224749,68.275508,5
1618,20.467836,41.697701,8.57268,5
1619,13.683266,40.328619,77.425696,5
1620,19.483567,28.098764000000006,43.429063,5
1621,16.883104,39.399536,50.328516,5
1622,19.846123,39.052817,13.330571,5
1623,14.079049,29.756626,8.548172000000001,5
1624,14.233928,34.727079,74.779198,5
1625,11.07212,29.62053,21.453586,5
1626,20.344915,38.440956,57.283915,5
1627,7.260059,36.925807,73.852864,5
1628,17.803333,35.832775,63.26753100000001,5
1629,19.127148,26.613861,45.279831,5
1630,15.641167,42.837157,61.167603,5
1631,6.905342,37.45069,38.156525,5
1632,14.677197,35.61303200000001,13.270803,5
1633,16.735737,26.868148,38.122323,5
1634,18.055768,36.80395,89.848146,5
1635,14.161108,42.952854,13.963822,5
1636,17.474025,41.712599,85.769882,5
1637,10.8777,43.295795,49.38381500000001,5
1638,6.839994,39.011487,7.087928,5
1639,16.609924,36.312712,14.947109,5
1640,8.159899000000001,29.438778000000006,10.522603,5
1641,17.605553,30.59713,76.97448100000003,5
1642,8.055529,41.063835,33.490488,5
1643,10.10484,35.500867,42.724552,5
1644,15.991784,31.5189,5.679627,5
1645,14.424109,41.367485,1.880668,5
1646,16.580438,36.688764,91.375885,5
1647,14.382987,42.60481,89.431145,5
1648,6.566709,25.189708,64.32195899999999,5
1649,7.661245,37.971241,24.621005,5
1650,9.969415,40.632176,47.753979,5
1651,11.594342,36.110986,77.149945,5
1652,8.038683,38.646918,63.137419,5
1653,13.210368,43.637309,19.046972,5
1654,19.808,37.183308,53.426776,5
1655,20.685063,28.851702000000003,41.05602800000001,5
1656,20.97548,41.597919,3.388317,5
1657,19.643723,33.217062,97.707554,5
1658,18.011654,33.969833,97.866606,5
1659,12.502161,36.033531,67.133003,5
1660,16.304199,40.861724,50.786576,5
1661,8.236237,29.140905,9.994927,5
1662,20.149925,31.65666,82.914582,5
1663,14.457513,40.366544,82.816344,5
1664,17.398794,38.483227,47.822536,5
1665,10.20684,37.650367,67.781304,5
1666,16.546815,37.16534,56.656469,5
1667,17.070047,35.085267,0.217915,5
1668,16.716042,31.050464,47.849455,5
1669,16.386598,38.912129,6.639017999999999,5
1670,11.311194,32.832306,91.533714,5
1671,19.153784,35.584672,13.056145,5
1672,20.697225,34.110878,48.180793,5
1673,18.058852,25.819279,30.398145,5
1674,15.405309,39.545642,2.432753,5
1675,7.347935,26.163012,69.96424499999999,5
1676,17.814892999999994,38.868958,34.873288,5
1677,11.121677,33.706393,88.535767,5
1678,11.155328,28.119835,20.382828,5
1679,18.54436,40.63389,94.736429,5
1680,19.569574,28.573945,36.217575,5
1681,18.262189000000006,25.907072,92.580246,5
1682,20.278352,43.583967,40.974385,5
1683,12.2763,39.605694,44.537413,5
1684,16.970457999999994,32.449272,22.3163,5
1685,17.34613,34.137718,27.737823,5
1686,12.707933,29.867255,1.858009,5
1687,18.093154,36.075513,48.065174,5
1688,16.322817999999998,42.324074,64.066875,5
1689,19.470385,38.927294,47.729716,5
1690,18.657571,36.758414,66.186701,5
1691,8.80813,33.023677,70.224406,5
1692,7.662352999999999,31.7037,69.837757,5
1693,13.989720000000002,39.29485,47.941336,5
1694,20.867299,34.013007,87.351487,5
1695,8.871186999999997,29.181106,35.890746,5
1696,13.154531,37.289223,61.340417,5
1697,13.44145,33.352033,20.356969,5
1698,20.863794,27.294512,13.158317000000002,5
1699,15.314911,43.50202,87.59391600000002,5
1700,7.243203,40.240833,50.302785,5
1701,17.463919,25.182967,92.818637,5
1702,12.865897,27.247992,28.197618,5
1703,8.208167999999999,36.891305,4.620522,5
1704,15.611389,36.276709,52.485492,5
1705,13.658174,39.789555,74.225284,5
1706,19.200513,29.937376,39.804141,5
1707,13.230603,38.924026,84.09535100000002,5
1708,16.374177,38.305233,95.634682,5
1709,18.406117,31.040541,94.804961,5
1710,16.490339000000002,32.60355,76.342617,5
1711,8.815971000000003,27.912725,76.465225,5
1712,7.707007000000001,36.210036,87.75303100000002,5
1713,12.061353,38.928784,51.180419,5
1714,12.774866,32.019184,11.284804,5
1715,20.879807,41.265405,90.382485,5
1716,16.899611,38.654499,16.211285,5
1717,7.604014999999999,28.893431,90.629213,5
1718,20.59023,41.39261,61.701444,5
1719,19.916127,37.830257,93.494851,5
1720,19.113896,31.973375,33.739152000000004,5
1721,15.460663,35.420088,48.621047,5
1722,11.826365,37.538594,8.364942,5
1723,9.935157,26.377115000000003,82.808593,5
1724,17.838565,34.565397,19.893337,5
1725,19.581193,33.965783,6.9706600000000005,5
1726,18.096032,28.599086,79.93130699999998,5
1727,20.599419,30.594239,0.115695,5
1728,19.152359,29.647798,87.88079300000003,5
1729,13.2382,27.893983,56.384917,5
1730,12.233659,25.179336,93.221984,5
1731,17.443742999999998,36.584399,48.694777,5
1732,9.509677,43.636661,15.621934,5
1733,10.801412,29.928636,22.201073,5
1734,8.146672,25.686526,73.052715,5
1735,11.218651,42.026748,20.662353,5
1736,12.295077,38.093005,39.25527,5
1737,9.19602,37.157571,68.635607,5
1738,9.213885,34.488991,92.898715,5
1739,7.3424070000000015,43.23220900000001,7.679275,5
1740,16.049507000000002,32.2771,7.782249,5
1741,15.002829,27.562111,69.55025400000001,5
1742,7.0801479999999986,31.839676,69.448514,5
1743,9.492526,37.664352,95.230062,5
1744,12.920871,40.309445,98.075315,5
1745,8.759604,28.138661,89.269077,5
1746,11.950336,35.7523,59.193833,5
1747,18.012233,39.654198,24.060869,5
1748,13.168865,43.577493,74.499397,5
1749,12.072267,26.764131,72.210862,5
1750,13.258120000000002,38.87445200000001,10.690114,5
1751,14.459875,31.235979,23.676305,5
1752,9.757749,32.603696,59.790482,5
1753,20.482162,36.860719,27.397588,5
1754,19.745576,26.728685,9.306215,5
1755,19.448361,30.107888,25.4097,5
1756,17.791265,37.308631,82.67870400000002,5
1757,11.489875,33.274522999999995,61.044532,5
1758,15.205415,41.934699,60.62288,5
1759,11.267548,30.786291,69.29454100000001,5
1760,6.97628,39.553367,43.444431,5
1761,8.627074,31.264598,76.294534,5
1762,12.283228,35.839278,16.539627,5
1763,6.0739730000000005,34.763404,79.801644,5
1764,10.304778,32.805321,88.28165899999998,5
1765,11.741866,30.491263,15.032384,5
1766,15.665696,26.192502,80.716175,5
1767,12.990898,32.84175,24.588301,5
1768,6.975297,25.445914,15.28437,5
1769,16.336834,31.828882,45.703096,5
1770,11.59522,33.072196000000005,23.523755,5
1771,18.304018,36.292666,56.52859599999999,5
1772,14.64336,25.396926,14.267873000000002,5
1773,17.197451,25.559548,66.1901,5
1774,14.07837,30.789405,7.525339999999999,5
1775,12.268795,37.740464,36.348906,5
1776,14.590132999999998,30.895907,41.929876,5
1777,11.612277,39.342931,83.46208299999998,5
1778,15.409264000000002,40.585069,85.006395,5
1779,17.769515,34.544334,21.062211,5
1780,9.384851,41.319755,63.840392,5
1781,13.017448,37.635117,24.031052,5
1782,6.304485,29.566109,25.310496,5
1783,8.507766,43.051323,27.469205,5
1784,18.729006,34.305626000000004,57.90476700000001,5
1785,19.891088,41.887787,25.923398,5
1786,10.061927,33.755029,56.934797,5
1787,16.536843,40.550878,33.617667,5
1788,13.983017000000002,33.399192,17.016542,5
1789,11.667667,29.07438,67.754301,5
1790,14.920146,33.20244,55.125485,5
1791,9.336289,41.681263,22.574525,5
1792,13.047224,42.119969,46.395954,5
1793,16.955734,26.702357,43.1294,5
1794,21.197598,42.021915,92.576507,5
1795,14.697147,40.238111,83.01893299999998,5
1796,18.700302,26.681919,29.489064000000006,5
1797,12.050066,39.375923,12.703075,5
1798,17.24139,30.516021,57.249267,5
1799,19.869127,37.378211,78.412009,5
1800,14.889666,29.640709,21.894399,5
1801,7.960031,33.710607,11.220191,5
1802,11.446046,42.225093,2.91798,5
1803,18.610625,36.925616,11.25564,5
1804,9.828524,36.706619,2.423271,5
1805,8.68217,28.702031,83.946212,5
1806,6.0599110000000005,25.492023,92.17337,5
1807,10.613686,32.812212,69.034621,5
1808,12.575327,27.854865000000004,97.992047,5
1809,5.973652,26.044759,64.05204300000001,5
1810,18.08223,36.765938,88.276821,5
1811,6.020968,39.187492,34.506772999999995,5
1812,7.753617999999999,27.289058,26.772951000000006,5
1813,8.20422,42.466831,90.385851,5
1814,9.942344,28.631092,52.814678,5
1815,10.316551,31.917552,71.964199,5
1816,7.837485000000001,32.063332,73.757811,5
1817,6.628878,37.663169,15.130312,5
1818,17.289376999999998,27.117276,29.699369,5
1819,16.979303,27.159743,34.481523,5
1820,11.42813,41.704658,97.231077,5
1821,9.617807,41.803795,73.073514,5
1822,14.94643,25.48294,84.58336,5
1823,19.080776,28.196959000000003,78.15657,5
1824,17.596135,32.992729,96.922541,5
1825,10.309659,38.236687,33.457783,5
1826,5.980301,40.511468,70.781227,5
1827,17.370166,41.338699,38.381938,5
1828,19.706627,36.438824,48.962992,5
1829,8.850628,31.167576,59.773654,5
1830,14.175351,37.742872,49.225934,5
1831,13.747767,42.149945,39.214231,5
1832,9.589712,34.443923,40.958736,5
1833,7.209035000000001,31.689608000000003,57.377427,5
1834,19.278168,27.157138,99.725946,5
1835,18.80294,32.392842,70.427564,5
1836,8.527324,32.443272,53.428491,5
1837,19.457538,27.64016,40.9021,5
1838,9.942323,25.635427,1.88301,5
1839,17.50331,29.123648,34.36327,5
1840,11.291458,38.989292,2.394922,5
1841,18.893049,29.847631,94.254787,5
1842,9.506359,34.221053000000005,44.449638,5
1843,15.831309,35.743139,79.75242800000002,5
1844,9.249425,33.225242,90.549005,5
1845,9.207105,30.138163,29.654048,5
1846,20.082706,33.239163,69.031756,5
1847,12.891017,30.936096000000006,82.43994,5
1848,19.207221,35.731841,85.008912,5
1849,19.498,31.088196000000003,6.438042,5
1850,9.362212,37.4998,81.20885200000002,5
1851,9.732042,34.520645,6.55242,5
1852,8.844852000000003,38.794236,55.54226,5
1853,15.708876,32.148035,12.761732,5
1854,12.582196,36.113896,56.36740500000001,5
1855,11.122749,40.02907,83.28182199999998,5
1856,15.702001999999998,38.474767,26.962764,5
1857,10.919808,28.306976,58.191459,5
1858,8.20814,25.704106,15.349845000000002,5
1859,21.335429,41.944688,47.400913,5
1860,6.8873570000000015,27.550448,14.118318,5
1861,19.427831,32.094339,64.727994,5
1862,20.439672,35.575643,38.444173,5
1863,13.574397,28.782804,76.22559,5
1864,15.545095000000002,36.740325,35.449673,5
1865,8.807241000000003,42.949867,15.842368,5
1866,6.225578,36.148793,87.831238,5
1867,10.389236,42.115273,4.844775,5
1868,19.375306,26.338799,7.7850800000000016,5
1869,6.303418,26.284882,98.535161,5
1870,13.623185,27.421694,11.458289,5
1871,15.803371,43.578234,48.949385,5
1872,10.35658,42.45147,5.263237,5
1873,16.293225,33.102164,24.849482,5
1874,12.621921,26.113164,87.460549,5
1875,18.096149,29.549421,83.645442,5
1876,20.542567,29.89362,43.05821,5
1877,18.663436,35.224632,34.730609,5
1878,19.411578,32.823077000000005,41.102579,5
1879,20.61377,33.260504,47.183033,5
1880,20.387566,42.464819,59.410013,5
1881,6.714733,35.785156,58.99237,5
1882,14.27362,41.077057,52.48252700000001,5
1883,15.086382,34.984092,95.422741,5
1884,18.923701,42.989193,0.574747,5
1885,16.987328,39.05559,24.305947,5
1886,14.461816,38.052062,49.898166,5
1887,21.110972,34.7979,4.3141669999999985,5
1888,11.03191,32.439787,45.74541,5
1889,17.379073,31.52154,89.54174,5
1890,9.222945,30.332368,83.104069,5
1891,18.397187,31.262428000000003,40.550716,5
1892,12.064687,41.245768,26.609675,5
1893,20.16917,33.707367,79.725121,5
1894,19.462338,30.764923,76.122641,5
1895,19.551092,25.503285,51.25191,5
1896,7.862227000000002,35.712029,20.955296,5
1897,15.567626999999998,35.389281,73.064035,5
1898,16.233831,41.490025,12.422904,5
1899,7.855702000000001,36.69758,46.816983,5
1900,6.240711,40.631725,74.78143100000001,5
1901,19.073849,37.058677,7.7745380000000015,5
1902,9.893542,25.90119,94.745689,5
1903,14.002675,42.945632,40.95812,5
1904,10.871777,40.648315,71.261315,5
1905,7.184575,38.457298,73.115822,5
1906,15.099023999999998,40.761711,30.167084000000006,5
1907,18.334993,33.799696999999995,85.47331,5
1908,14.175474,27.635596000000003,73.76510999999998,5
1909,16.09385,29.932194,36.145062,5
1910,7.881195,30.294517,19.7962,5
1911,19.429131,27.531906,84.128535,5
1912,20.629694,32.269226,88.134438,5
1913,19.81831,41.928055,84.296436,5
1914,10.700916,29.34182,68.03726999999999,5
1915,6.263016,30.83461,39.931687,5
1916,17.553744000000002,41.806537,24.285634,5
1917,6.769971000000001,38.158998,70.99727800000002,5
1918,19.968973,29.529602,84.380785,5
1919,15.917716,41.693032,10.181567,5
1920,6.057076,25.524977,37.941362,5
1921,9.114055,41.683074,50.764239,5
1922,6.663144,40.783899,89.20091500000002,5
1923,20.273084,38.91293,79.861065,5
1924,17.848101,26.122055,2.469809,5
1925,12.912336,26.511093,33.149788,5
1926,19.078687,40.423039,23.152913,5
1927,7.386685000000001,41.419257,93.43448,5
1928,18.350263,39.728736,17.058524,5
1929,15.938304,33.186023,6.447948,5
1930,17.510567,33.328407,8.419736,5
1931,7.927316999999999,37.132136,97.755318,5
1932,15.766457999999998,38.000407,82.229233,5
1933,14.098836,36.674121,56.58716800000001,5
1934,10.988931,32.443431,61.787243,5
1935,11.370325,40.796361,69.090775,5
1936,16.489399,38.039545,51.613584,5
1937,20.064729,39.774402,39.522755,5
1938,19.050865,36.145152,18.291598,5
1939,6.242835,29.627098,61.685224,5
1940,7.238542999999999,43.487331,5.848694999999998,5
1941,8.538739999999999,27.374516,70.578211,5
1942,8.192111,39.145829,40.002306,5
1943,20.890154000000006,30.424644,2.25542,5
1944,14.186236,36.473913,41.633988,5
1945,8.285327,42.97997700000001,26.175282,5
1946,18.954497,37.121969,95.810988,5
1947,11.482546,35.546136,74.82674,5
1948,17.585748000000002,32.755997,34.219817,5
1949,20.410383,33.120865,58.371003,5
1950,14.493719,34.678292,57.461865,5
1951,15.396889000000002,37.792966,69.433764,5
1952,10.853503,40.492481,45.050941,5
1953,17.030759,39.90526,73.51431,5
1954,17.379047,31.288754,34.684935,5
1955,8.366021,34.099914,31.032626,5
1956,12.408074,31.194356,95.70717,5
1957,11.761196,37.834826,51.861481,5
1958,7.873877999999999,33.289917,92.930038,5
1959,13.158188,32.128073,35.97136500000001,5
1960,6.729734,42.375026,87.43341,5
1961,15.603139,35.20852,55.735909,5
1962,10.883025,41.095586,38.63418,5
1963,17.839904,35.885965,18.357456,5
1964,13.749917000000002,31.093489,51.49290300000001,5
1965,19.106051,34.001298,99.827766,5
1966,8.455936999999999,41.750273,32.45282,5
1967,7.793028,30.229296,0.981648,5
1968,15.801607,32.547665,44.937005,5
1969,14.709846,41.195052,82.61049100000002,5
1970,20.264634,42.143079,75.687329,5
1971,18.324070000000006,35.223598,30.016213,5
1972,11.488698,41.146022,16.175356,5
1973,17.454685,36.905514,74.167062,5
1974,20.289489,27.766429,6.2467510000000015,5
1975,12.798902,43.537574,54.048413,5
1976,12.772305,28.057887,43.747329,5
1977,17.783751000000006,30.27942,71.154487,5
1978,17.935339000000006,42.092832,11.096628,5
1979,9.432374,34.103453,97.793568,5
1980,6.747042,32.767046,89.616312,5
1981,18.434869,29.106424,44.026722,5
1982,7.6277979999999985,35.754264,30.458565000000004,5
1983,10.125637,31.052379,93.96278,5
1984,6.13645,29.745741,8.053677,5
1985,7.101089,37.962812,7.416192,5
1986,15.44738,27.65284,23.08295,5
1987,6.760700999999999,41.840265,50.761121,5
1988,17.748555,37.714061,42.312186,5
1989,19.462124,41.89904,90.666184,5
1990,19.121402,42.867797,31.794478,5
1991,17.517926,39.33988,53.13048000000001,5
1992,8.874393,41.363517,10.410099,5
1993,13.577881,27.88363,42.267514,5
1994,12.645598,28.121079,67.060182,5
1995,13.889267000000002,29.513877,36.281005,5
1996,15.034494,40.90303,49.75775,5
1997,18.599021,41.888146,39.943237,5
1998,10.99543,37.538231,7.8191130000000015,5
1999,17.529384,35.240657,98.322383,5
